Date,Name of Basin ,Name of Sub-Basin,QPF issued  valid for Day-1,QPF issued  valid for Day-2,QPF issued  valid for Day-3,QPF issued  valid for Day-4,QPF issued  valid for Day-5,QPF issued  valid for Day-6,QPF issued  valid for Day-7,Realized Rainfall in mm
01-Jun,Ganga,KOSI/MAHANANDA,0.1-10,0.1-10,0.1-10,0.1-10,0.1-10,0,0,
01-Jun,Ganga,BAGMATI/ADHWARA,0.1-10,0.1-10,0,0.1-10,0,0,0,
01-Jun,Ganga,GANDAK,0.1-10,0.1-10,0.1-10,0.1-10,0,0,0,
01-Jun,Ganga,SON,0,0,0,0.1-10,0,0,0,
01-Jun,Ganga,PUNPUN/DHAB NADI,0.1-10,0,0.1-10,0,0,0,0,
01-Jun,Ganga,NORTH KOEL,0,0,0.1-10,0,0,0,0,
01-Jun,Ganga,KANHAR,0,0,0,0,0,0,0,
01-Jun,Ganga,UPPER SON,0,0,0,0,0,0,0,
02-Jun,Ganga,KOSI/MAHANANDA,0.1-10,0.1-10,0.1-10,0.1-10,0.1-10,0,0,14.8
02-Jun,Ganga,BAGMATI/ADHWARA,0.1-10,0.1-10,0.1-10,0,0,0,0,4.6
02-Jun,Ganga,GANDAK,0.1-10,0.1-10,0,0,0,0,0,0.8
02-Jun,Ganga,SON,0.1-10,0.1-10,0,0,0,0,0,0.2
02-Jun,Ganga,PUNPUN/DHAB NADI,0.1-10,0,0,0,0,0,0,2.2
02-Jun,Ganga,NORTH KOEL,0,0,0,0,0,0,0,0.5
02-Jun,Ganga,KANHAR,0.1-10,0.1-10,0.1-10,0,0,0,0,2.3
02-Jun,Ganga,UPPER SON,0,0.1-10,0.1-10,0.1-10,0,0,0,2.1
03-Jun,Ganga,KOSI/MAHANANDA,0.1-10,25-Nov,0.1-10,0.1-10,0.1-10,0.1-10,0.1-10,5
03-Jun,Ganga,BAGMATI/ADHWARA,0,0.1-10,0.1-10,0.1-10,0,0,0.1-10,0.9
03-Jun,Ganga,GANDAK,0.1-10,0.1-10,0,0,0,0,0,1.6
03-Jun,Ganga,SON,0.1-10,0.1-10,0,0,0,0,0,0
03-Jun,Ganga,PUNPUN/DHAB NADI,0.1-10,0.1-10,0.1-10,0,0.1-10,0,0,2.6
03-Jun,Ganga,NORTH KOEL,0.1-10,0.1-10,0.1-10,0,0,0,0,0
03-Jun,Ganga,KANHAR,0.1-10,0.1-10,0.1-10,0,0,0,0,0.6
03-Jun,Ganga,UPPER SON,0.1-10,0.1-10,0.1-10,0,0,0,0,0.7
04-Jun,Ganga,KOSI/MAHANANDA,25-Nov,0.1-10,0.1-10,0.1-10,0.1-10,0.1-10,0.1-10,11.5
04-Jun,Ganga,BAGMATI/ADHWARA,0.1-10,0.1-10,0,0,0,0.1-10,0.1-10,3.8
04-Jun,Ganga,GANDAK,0.1-10,0,0,0,0,0,0.1-10,4.3
04-Jun,Ganga,SON,0.1-10,0,0,0,0,0,0.1-10,2.4
04-Jun,Ganga,PUNPUN/DHAB NADI,0.1-10,0,0,0,0,0,0.1-10,2.1
04-Jun,Ganga,NORTH KOEL,0.1-10,0,0,0,0,0,0.1-10,0.6
04-Jun,Ganga,KANHAR,0.1-10,0,0,0,0,0,0.1-10,0
04-Jun,Ganga,UPPER SON,0.1-10,0,0,0,0,0,0.1-10,1
05-Jun,Ganga,KOSI/MAHANANDA,25-Nov,0.1-10,0.1-10,0.1-10,0.1-10,0.1-10,25-Nov,6.4
05-Jun,Ganga,BAGMATI/ADHWARA,0.1-10,0,0,0,0,0.1-10,0,1.2
05-Jun,Ganga,GANDAK,0.1-10,0,0,0,0,0.1-10,0,1.3
05-Jun,Ganga,SON,0.1-10,0,0,0,0,0,0,1.9
05-Jun,Ganga,PUNPUN/DHAB NADI,0,0,0,0,0,0,0,7.5
05-Jun,Ganga,NORTH KOEL,0,0,0,0,0,0,0,0.4
05-Jun,Ganga,KANHAR,0,0,0,0,0,0,0,0
05-Jun,Ganga,UPPER SON,0.1-10,0.1-10,0,0,0,0,0,2.2
06-Jun,Ganga,KOSI/MAHANANDA,0.1-10,0.1-10,0.1-10,0.1-10,0.1-10,0.1-10,0.1-10,5.2
06-Jun,Ganga,BAGMATI/ADHWARA,0.1-10,0,0.1-10,0.1-10,0.1-10,0.1-10,0.1-10,0.2
06-Jun,Ganga,GANDAK,0.1-10,0,0,0.1-10,0.1-10,0.1-10,0.1-10,1.9
06-Jun,Ganga,SON,0.1-10,0,0,0,0,0,0,2.7
06-Jun,Ganga,PUNPUN/DHAB NADI,0.1-10,0,0,0,0,0.1-10,0.1-10,0.8
06-Jun,Ganga,NORTH KOEL,0.1-10,0,0,0,0,0.1-10,0.1-10,0
06-Jun,Ganga,KANHAR,0.1-10,0,0,0,0.1-10,0.1-10,0.1-10,0
06-Jun,Ganga,UPPER SON,0,0,0,0,0.1-10,0.1-10,0.1-10,0.9
07-Jun,Ganga,KOSI/MAHANANDA,0.1-10,0.1-10,0.1-10,0.1-10,0.1-10,0.1-10,0.1-10,0.8
07-Jun,Ganga,BAGMATI/ADHWARA,0,0,0,0.1-10,0.1-10,0.1-10,0.1-10,3.2
07-Jun,Ganga,GANDAK,0.1-10,0,0.1-10,0.1-10,0.1-10,0.1-10,0.1-10,4.8
07-Jun,Ganga,SON,0,0,0,0.1-10,0,0.1-10,0.1-10,0
07-Jun,Ganga,PUNPUN/DHAB NADI,0,0,0,0.1-10,0.1-10,0,0.1-10,2.6
07-Jun,Ganga,NORTH KOEL,0,0,0,0,0.1-10,0.1-10,0.1-10,0
07-Jun,Ganga,KANHAR,0,0,0,0,0.1-10,0.1-10,0.1-10,0
07-Jun,Ganga,UPPER SON,0,0,0,0,0.1-10,0.1-10,0.1-10,0
08-Jun,Ganga,KOSI/MAHANANDA,0,0,0.1-10,0.1-10,0.1-10,0.1-10,0.1-10,0.1
08-Jun,Ganga,BAGMATI/ADHWARA,0,0,0.1-10,25-Nov,0.1-10,0.1-10,0.1-10,0
08-Jun,Ganga,GANDAK,0,0,0.1-10,0.1-10,0.1-10,0.1-10,0.1-10,0
08-Jun,Ganga,SON,0,0,0,0.1-10,0.1-10,0.1-10,0.1-10,0
08-Jun,Ganga,PUNPUN/DHAB NADI,0,0,0,0.1-10,0.1-10,0.1-10,0.1-10,0
08-Jun,Ganga,NORTH KOEL,0,0,0.1-10,0.1-10,0.1-10,0.1-10,0.1-10,0
08-Jun,Ganga,KANHAR,0,0,0.1-10,0.1-10,0.1-10,0.1-10,0.1-10,0
08-Jun,Ganga,UPPER SON,0,0.1-10,0.1-10,0.1-10,0.1-10,0.1-10,0.1-10,0
09-Jun,Ganga,KOSI/MAHANANDA,0,0.1-10,0.1-10,0.1-10,0.1-10,0.1-10,0.1-10,0
09-Jun,Ganga,BAGMATI/ADHWARA,0,0.1-10,25-Nov,25-Nov,0.1-10,0.1-10,0.1-10,0
09-Jun,Ganga,GANDAK,0,0.1-10,0.1-10,0.1-10,0.1-10,0.1-10,0.1-10,0
09-Jun,Ganga,SON,0,0,0,0.1-10,0.1-10,0.1-10,0.1-10,0
09-Jun,Ganga,PUNPUN/DHAB NADI,0,0,0,0.1-10,0.1-10,0.1-10,0.1-10,0
09-Jun,Ganga,NORTH KOEL,0,0,0,0.1-10,0.1-10,0.1-10,0.1-10,0
09-Jun,Ganga,KANHAR,0,0,0,0.1-10,0.1-10,0.1-10,0.1-10,0
09-Jun,Ganga,UPPER SON,0.1-10,0.1-10,0.1-10,0.1-10,0.1-10,0.1-10,0.1-10,0
10-Jun,Ganga,KOSI/MAHANANDA,0,0.1-10,0.1-10,0.1-10,0.1-10,0.1-10,0.1-10,0
10-Jun,Ganga,BAGMATI/ADHWARA,0,0.1-10,25-Nov,0.1-10,0.1-10,0.1-10,0.1-10,0
10-Jun,Ganga,GANDAK,0,0.1-10,0.1-10,0.1-10,0.1-10,0.1-10,0.1-10,0
10-Jun,Ganga,SON,0,0,0.1-10,0.1-10,0.1-10,0.1-10,0.1-10,0
10-Jun,Ganga,PUNPUN/DHAB NADI,0,0,0.1-10,0.1-10,0.1-10,0.1-10,0.1-10,0
10-Jun,Ganga,NORTH KOEL,0,0,0.1-10,0.1-10,0.1-10,0.1-10,0.1-10,0
10-Jun,Ganga,KANHAR,0,0,0.1-10,0.1-10,0.1-10,0.1-10,0.1-10,0
10-Jun,Ganga,UPPER SON,0.1-10,0.1-10,0.1-10,0.1-10,0.1-10,0.1-10,0.1-10,0
11-Jun,Ganga,KOSI/MAHANANDA,0.1-10,0.1-10,0.1-10,25-Nov,0.1-10,0.1-10,0.1-10,0
11-Jun,Ganga,BAGMATI/ADHWARA,0,0.1-10,0.1-10,0.1-10,0.1-10,0.1-10,0.1-10,0
11-Jun,Ganga,GANDAK,0,0.1-10,0.1-10,0.1-10,0.1-10,0.1-10,0.1-10,0
11-Jun,Ganga,SON,0,0,0.1-10,0.1-10,0.1-10,0.1-10,0.1-10,0
11-Jun,Ganga,PUNPUN/DHAB NADI,0,0,0.1-10,0.1-10,0.1-10,0.1-10,0.1-10,0
11-Jun,Ganga,NORTH KOEL,0,0,0.1-10,0.1-10,0.1-10,0.1-10,0.1-10,0
11-Jun,Ganga,KANHAR,0,0,0.1-10,0.1-10,0.1-10,0.1-10,0.1-10,0
11-Jun,Ganga,UPPER SON,0,0,0.1-10,0.1-10,0.1-10,0.1-10,0.1-10,0
12-Jun,Ganga,KOSI/MAHANANDA,0.1-10,0.1-10,25-Nov,0.1-10,0.1-10,0.1-10,0.1-10,1.1
12-Jun,Ganga,BAGMATI/ADHWARA,0.1-10,0.1-10,0.1-10,0.1-10,25-Nov,0.1-10,0.1-10,0
12-Jun,Ganga,GANDAK,0.1-10,0.1-10,0.1-10,0.1-10,0.1-10,0.1-10,0.1-10,0
12-Jun,Ganga,SON,0,0,0.1-10,0.1-10,0.1-10,0.1-10,0.1-10,0
12-Jun,Ganga,PUNPUN/DHAB NADI,0,0,0.1-10,0.1-10,0.1-10,0.1-10,0.1-10,0
12-Jun,Ganga,NORTH KOEL,0,0,0.1-10,0.1-10,0.1-10,0.1-10,0.1-10,0
12-Jun,Ganga,KANHAR,0,0,0.1-10,0.1-10,0.1-10,0.1-10,0.1-10,0
12-Jun,Ganga,UPPER SON,0.1-10,0.1-10,0.1-10,0.1-10,0.1-10,0.1-10,0.1-10,0.2
13-Jun,Ganga,KOSI/MAHANANDA,0.1-10,0.1-10,25-Nov,25-Nov,0.1-10,0.1-10,26-37,1.4
13-Jun,Ganga,BAGMATI/ADHWARA,0.1-10,0.1-10,0.1-10,0.1-10,0.1-10,0.1-10,0.1-10,1
13-Jun,Ganga,GANDAK,0.1-10,0.1-10,0.1-10,0.1-10,0.1-10,0.1-10,0.1-10,0.2
13-Jun,Ganga,SON,0,0,0.1-10,0.1-10,0.1-10,0.1-10,0.1-10,0
13-Jun,Ganga,PUNPUN/DHAB NADI,0,0.1-10,0.1-10,0.1-10,0.1-10,0.1-10,0.1-10,0.8
13-Jun,Ganga,NORTH KOEL,0,0,0.1-10,0.1-10,0.1-10,0.1-10,0.1-10,0
13-Jun,Ganga,KANHAR,0,0,0.1-10,0.1-10,0.1-10,0.1-10,0.1-10,0
13-Jun,Ganga,UPPER SON,0,0.1-10,0.1-10,0.1-10,26-37,0.1-10,26-37,0.2
14-Jun,Ganga,KOSI/MAHANANDA,0.1-10,25-Nov,0.1-10,0.1-10,0.1-10,0.1-10,25-Nov,0.2
14-Jun,Ganga,BAGMATI/ADHWARA,0.1-10,0.1-10,0.1-10,0.1-10,0.1-10,0.1-10,0.1-10,0.2
14-Jun,Ganga,GANDAK,0.1-10,0.1-10,0.1-10,0.1-10,0.1-10,0.1-10,0.1-10,1.9
14-Jun,Ganga,SON,0,0,0.1-10,0.1-10,25-Nov,25-Nov,0.1-10,0
14-Jun,Ganga,PUNPUN/DHAB NADI,0,0.1-10,0.1-10,0.1-10,25-Nov,25-Nov,0.1-10,0.1
14-Jun,Ganga,NORTH KOEL,0,0,0.1-10,25-Nov,25-Nov,25-Nov,0.1-10,0
14-Jun,Ganga,KANHAR,0,0.1-10,0.1-10,0.1-10,25-Nov,25-Nov,0.1-10,0
14-Jun,Ganga,UPPER SON,0.1-10,0.1-10,25-Nov,25-Nov,26-37,25-Nov,0.1-10,0
15-Jun,Ganga,KOSI/MAHANANDA,0.1-10,0.1-10,25-Nov,25-Nov,25-Nov,25-Nov,0.1-10,12.1
15-Jun,Ganga,BAGMATI/ADHWARA,0.1-10,0.1-10,0.1-10,25-Nov,25-Nov,25-Nov,0.1-10,0
15-Jun,Ganga,GANDAK,0.1-10,0.1-10,0.1-10,0.1-10,25-Nov,0.1-10,0.1-10,1.9
15-Jun,Ganga,SON,0.1-10,0.1-10,25-Nov,0.1-10,25-Nov,0.1-10,0.1-10,0
15-Jun,Ganga,PUNPUN/DHAB NADI,0.1-10,0.1-10,0.1-10,25-Nov,25-Nov,0.1-10,25-Nov,0
15-Jun,Ganga,NORTH KOEL,0.1-10,0.1-10,0.1-10,25-Nov,25-Nov,0.1-10,0.1-10,0
15-Jun,Ganga,KANHAR,0.1-10,25-Nov,0.1-10,0.1-10,25-Nov,0.1-10,0.1-10,0
15-Jun,Ganga,UPPER SON,0.1-10,25-Nov,25-Nov,0.1-10,25-Nov,0.1-10,0.1-10,1.8
16-Jun,Ganga,KOSI/MAHANANDA,0.1-10,25-Nov,25-Nov,25-Nov,0.1-10,0.1-10,0.1-10,1.8
16-Jun,Ganga,BAGMATI/ADHWARA,0.1-10,0.1-10,25-Nov,25-Nov,0.1-10,0.1-10,0.1-10,0.1
16-Jun,Ganga,GANDAK,0.1-10,0.1-10,25-Nov,25-Nov,0.1-10,0.1-10,0.1-10,2.4
16-Jun,Ganga,SON,0.1-10,0.1-10,0.1-10,0.1-10,0.1-10,0.1-10,0.1-10,0.6
16-Jun,Ganga,PUNPUN/DHAB NADI,0.1-10,0.1-10,0.1-10,0.1-10,0.1-10,0.1-10,0.1-10,0.9
16-Jun,Ganga,NORTH KOEL,0.1-10,0.1-10,0.1-10,25-Nov,0.1-10,0.1-10,0.1-10,0.9
16-Jun,Ganga,KANHAR,0.1-10,0.1-10,0.1-10,25-Nov,0.1-10,0.1-10,0.1-10,2.5
16-Jun,Ganga,UPPER SON,25-Nov,0.1-10,0.1-10,25-Nov,25-Nov,0.1-10,0.1-10,3.6
17-Jun,Ganga,KOSI/MAHANANDA,0.1-10,0.1-10,0.1-10,0.1-10,0.1-10,25-Nov,0.1-10,4.6
17-Jun,Ganga,BAGMATI/ADHWARA,0.1-10,0.1-10,25-Nov,0.1-10,0.1-10,0.1-10,0.1-10,0.2
17-Jun,Ganga,GANDAK,0.1-10,25-Nov,25-Nov,25-Nov,25-Nov,0.1-10,0.1-10,10.1
17-Jun,Ganga,SON,25-Nov,0.1-10,0.1-10,0.1-10,0.1-10,0.1-10,0.1-10,1.4
17-Jun,Ganga,PUNPUN/DHAB NADI,0.1-10,0.1-10,0.1-10,0.1-10,0.1-10,0.1-10,0.1-10,2.6
17-Jun,Ganga,NORTH KOEL,25-Nov,25-Nov,26-37,25-Nov,25-Nov,0.1-10,0.1-10,10.1
17-Jun,Ganga,KANHAR,25-Nov,25-Nov,26-37,26-37,0.1-10,0.1-10,0.1-10,20
17-Jun,Ganga,UPPER SON,25-Nov,25-Nov,25-Nov,26-37,0.1-10,0.1-10,0.1-10,5
18-Jun,Ganga,KOSI/MAHANANDA,25-Nov,0.1-10,25-Nov,0.1-10,25-Nov,0.1-10,25-Nov,5.3
18-Jun,Ganga,BAGMATI/ADHWARA,0.1-10,0.1-10,0.1-10,0.1-10,0.1-10,0.1-10,25-Nov,2.9
18-Jun,Ganga,GANDAK,0.1-10,0.1-10,0.1-10,0.1-10,25-Nov,0.1-10,0.1-10,5.8
18-Jun,Ganga,SON,25-Nov,26-37,0.1-10,0.1-10,0.1-10,0.1-10,0.1-10,10.2
18-Jun,Ganga,PUNPUN/DHAB NADI,25-Nov,25-Nov,25-Nov,0.1-10,0.1-10,0.1-10,0.1-10,13.2
18-Jun,Ganga,NORTH KOEL,26-37,38-50,25-Nov,0.1-10,0.1-10,0.1-10,0.1-10,32
18-Jun,Ganga,KANHAR,26-37,38-50,26-37,25-Nov,0.1-10,0.1-10,0.1-10,13
18-Jun,Ganga,UPPER SON,26-37,25-Nov,26-37,25-Nov,0.1-10,0.1-10,0.1-10,9
19-Jun,Ganga,KOSI/MAHANANDA,25-Nov,0.1-10,25-Nov,25-Nov,25-Nov,25-Nov,0.1-10,7.3
19-Jun,Ganga,BAGMATI/ADHWARA,0.1-10,0.1-10,0.1-10,0.1-10,25-Nov,25-Nov,0.1-10,3.2
19-Jun,Ganga,GANDAK,0.1-10,0.1-10,0.1-10,25-Nov,25-Nov,25-Nov,0.1-10,7.2
19-Jun,Ganga,SON,25-Nov,25-Nov,26-37,0.1-10,0.1-10,0.1-10,0.1-10,13.3
19-Jun,Ganga,PUNPUN/DHAB NADI,25-Nov,25-Nov,25-Nov,25-Nov,0.1-10,25-Nov,0.1-10,25
19-Jun,Ganga,NORTH KOEL,26-37,25-Nov,25-Nov,25-Nov,0.1-10,25-Nov,25-Nov,65.4
19-Jun,Ganga,KANHAR,26-37,26-37,0.1-10,0.1-10,25-Nov,0.1-10,25-Nov,44.2
19-Jun,Ganga,UPPER SON,25-Nov,25-Nov,25-Nov,0.1-10,25-Nov,0.1-10,0.1-10,4.1
20-Jun,Ganga,KOSI/MAHANANDA,0.1-10,25-Nov,25-Nov,25-Nov,25-Nov,0.1-10,0.1-10,6.3
20-Jun,Ganga,BAGMATI/ADHWARA,0.1-10,0.1-10,0.1-10,25-Nov,0.1-10,0.1-10,0.1-10,8.9
20-Jun,Ganga,GANDAK,0.1-10,0.1-10,0.1-10,26-37,25-Nov,0.1-10,0.1-10,8.3
20-Jun,Ganga,SON,25-Nov,26-37,25-Nov,25-Nov,25-Nov,0.1-10,0.1-10,10.6
20-Jun,Ganga,PUNPUN/DHAB NADI,25-Nov,25-Nov,25-Nov,25-Nov,0.1-10,0.1-10,0.1-10,31
20-Jun,Ganga,NORTH KOEL,25-Nov,25-Nov,25-Nov,0.1-10,0.1-10,25-Nov,25-Nov,23.6
20-Jun,Ganga,KANHAR,26-37,26-37,25-Nov,0.1-10,0.1-10,25-Nov,25-Nov,10.9
20-Jun,Ganga,UPPER SON,25-Nov,26-37,26-37,25-Nov,0.1-10,25-Nov,25-Nov,15.1
21-Jun,Ganga,KOSI/MAHANANDA,25-Nov,25-Nov,26-37,25-Nov,0.1-10,0.1-10,0.1-10,7.6
21-Jun,Ganga,BAGMATI/ADHWARA,0.1-10,0.1-10,25-Nov,25-Nov,0.1-10,0.1-10,0.1-10,1.9
21-Jun,Ganga,GANDAK,0.1-10,25-Nov,25-Nov,25-Nov,0.1-10,0.1-10,0.1-10,2.2
21-Jun,Ganga,SON,0.1-10,0.1-10,25-Nov,26-37,25-Nov,0.1-10,0.1-10,9.7
21-Jun,Ganga,PUNPUN/DHAB NADI,0.1-10,0.1-10,0.1-10,25-Nov,0.1-10,0.1-10,0.1-10,10.4
21-Jun,Ganga,NORTH KOEL,0.1-10,25-Nov,25-Nov,26-37,25-Nov,0.1-10,0.1-10,24
21-Jun,Ganga,KANHAR,25-Nov,25-Nov,25-Nov,26-37,25-Nov,25-Nov,25-Nov,29.2
21-Jun,Ganga,UPPER SON,25-Nov,25-Nov,25-Nov,26-37,25-Nov,25-Nov,25-Nov,17.5
22-Jun,Ganga,KOSI/MAHANANDA,25-Nov,25-Nov,25-Nov,0.1-10,0.1-10,0.1-10,0.1-10,7.8
22-Jun,Ganga,BAGMATI/ADHWARA,0.1-10,25-Nov,25-Nov,0.1-10,0.1-10,0.1-10,0.1-10,6.6
22-Jun,Ganga,GANDAK,0.1-10,25-Nov,25-Nov,0.1-10,0.1-10,0.1-10,0.1-10,5.7
22-Jun,Ganga,SON,0.1-10,0.1-10,25-Nov,0.1-10,0.1-10,0.1-10,0.1-10,3.8
22-Jun,Ganga,PUNPUN/DHAB NADI,0.1-10,0.1-10,0.1-10,0.1-10,0.1-10,0.1-10,0.1-10,3.6
22-Jun,Ganga,NORTH KOEL,0.1-10,0.1-10,25-Nov,25-Nov,0.1-10,0.1-10,0.1-10,1.1
22-Jun,Ganga,KANHAR,0.1-10,0.1-10,25-Nov,25-Nov,25-Nov,25-Nov,0.1-10,4.7
22-Jun,Ganga,UPPER SON,0.1-10,0.1-10,25-Nov,25-Nov,25-Nov,25-Nov,25-Nov,10.8
23-Jun,Ganga,KOSI/MAHANANDA,25-Nov,25-Nov,0.1-10,25-Nov,0.1-10,0.1-10,0.1-10,14.6
23-Jun,Ganga,BAGMATI/ADHWARA,0.1-10,0.1-10,0.1-10,0.1-10,0.1-10,0.1-10,0.1-10,6
23-Jun,Ganga,GANDAK,25-Nov,0.1-10,0.1-10,0.1-10,0.1-10,0.1-10,25-Nov,5.8
23-Jun,Ganga,SON,0.1-10,0.1-10,0.1-10,0.1-10,0.1-10,0.1-10,0.1-10,8.7
23-Jun,Ganga,PUNPUN/DHAB NADI,0.1-10,0.1-10,0.1-10,0.1-10,0.1-10,25-Nov,25-Nov,3
23-Jun,Ganga,NORTH KOEL,0.1-10,25-Nov,0.1-10,0.1-10,0.1-10,25-Nov,25-Nov,4.5
23-Jun,Ganga,KANHAR,0.1-10,25-Nov,0.1-10,0.1-10,0.1-10,25-Nov,25-Nov,7
23-Jun,Ganga,UPPER SON,0.1-10,25-Nov,0.1-10,0.1-10,0.1-10,25-Nov,25-Nov,4
24-Jun,Ganga,KOSI/MAHANANDA,25-Nov,0.1-10,25-Nov,0.1-10,25-Nov,25-Nov,25-Nov,15.1
24-Jun,Ganga,BAGMATI/ADHWARA,0.1-10,0.1-10,0.1-10,0.1-10,25-Nov,25-Nov,25-Nov,10.9
24-Jun,Ganga,GANDAK,25-Nov,25-Nov,25-Nov,0.1-10,25-Nov,25-Nov,25-Nov,8.7
24-Jun,Ganga,SON,25-Nov,0.1-10,0.1-10,0.1-10,0.1-10,25-Nov,25-Nov,7.2
24-Jun,Ganga,PUNPUN/DHAB NADI,0.1-10,0.1-10,0.1-10,0.1-10,0.1-10,25-Nov,25-Nov,8.4
24-Jun,Ganga,NORTH KOEL,25-Nov,25-Nov,0.1-10,25-Nov,25-Nov,25-Nov,25-Nov,8.4
24-Jun,Ganga,KANHAR,25-Nov,25-Nov,25-Nov,25-Nov,25-Nov,25-Nov,25-Nov,18.1
24-Jun,Ganga,UPPER SON,25-Nov,25-Nov,25-Nov,25-Nov,25-Nov,25-Nov,25-Nov,8.8
25-Jun,Ganga,KOSI/MAHANANDA,0.1-10,0.1-10,25-Nov,25-Nov,25-Nov,25-Nov,0.1-10,1.6
25-Jun,Ganga,BAGMATI/ADHWARA,0.1-10,0.1-10,0.1-10,0.1-10,25-Nov,25-Nov,0.1-10,3.3
25-Jun,Ganga,GANDAK,0.1-10,0.1-10,0.1-10,25-Nov,25-Nov,25-Nov,0.1-10,2.6
25-Jun,Ganga,SON,0.1-10,0.1-10,0.1-10,0.1-10,25-Nov,25-Nov,0.1-10,4
25-Jun,Ganga,PUNPUN/DHAB NADI,0.1-10,0.1-10,0.1-10,0.1-10,25-Nov,25-Nov,0.1-10,4.3
25-Jun,Ganga,NORTH KOEL,0.1-10,0.1-10,25-Nov,25-Nov,25-Nov,25-Nov,25-Nov,9.3
25-Jun,Ganga,KANHAR,0.1-10,25-Nov,25-Nov,26-37,25-Nov,25-Nov,25-Nov,2.5
25-Jun,Ganga,UPPER SON,25-Nov,25-Nov,25-Nov,25-Nov,26-37,26-37,25-Nov,18.6
26-Jun,Ganga,KOSI/MAHANANDA,0.1-10,25-Nov,25-Nov,25-Nov,25-Nov,25-Nov,0.1-10,1.3
26-Jun,Ganga,BAGMATI/ADHWARA,0.1-10,0.1-10,0.1-10,25-Nov,25-Nov,0.1-10,0.1-10,1.5
26-Jun,Ganga,GANDAK,0.1-10,0.1-10,25-Nov,25-Nov,25-Nov,25-Nov,0.1-10,2.8
26-Jun,Ganga,SON,0.1-10,0.1-10,25-Nov,26-37,26-37,25-Nov,0.1-10,3.7
26-Jun,Ganga,PUNPUN/DHAB NADI,0.1-10,0.1-10,25-Nov,25-Nov,25-Nov,25-Nov,25-Nov,5.8
26-Jun,Ganga,NORTH KOEL,25-Nov,25-Nov,25-Nov,26-37,25-Nov,25-Nov,25-Nov,3.2
26-Jun,Ganga,KANHAR,25-Nov,25-Nov,25-Nov,26-37,25-Nov,25-Nov,25-Nov,6.7
26-Jun,Ganga,UPPER SON,25-Nov,25-Nov,25-Nov,25-Nov,25-Nov,25-Nov,25-Nov,13.2
27-Jun,Ganga,KOSI/MAHANANDA,0.1-10,0.1-10,25-Nov,25-Nov,0.1-10,0.1-10,0.1-10,1.5
27-Jun,Ganga,BAGMATI/ADHWARA,0.1-10,0.1-10,25-Nov,25-Nov,0.1-10,0.1-10,0.1-10,0.3
27-Jun,Ganga,GANDAK,0.1-10,25-Nov,25-Nov,25-Nov,25-Nov,0.1-10,0.1-10,0.2
27-Jun,Ganga,SON,0.1-10,25-Nov,25-Nov,25-Nov,25-Nov,0.1-10,0.1-10,1.6
27-Jun,Ganga,PUNPUN/DHAB NADI,0.1-10,0.1-10,25-Nov,25-Nov,25-Nov,0.1-10,25-Nov,1.3
27-Jun,Ganga,NORTH KOEL,25-Nov,26-37,26-37,25-Nov,26-37,25-Nov,25-Nov,5.8
27-Jun,Ganga,KANHAR,25-Nov,25-Nov,25-Nov,26-37,25-Nov,25-Nov,25-Nov,21.1
27-Jun,Ganga,UPPER SON,25-Nov,25-Nov,25-Nov,25-Nov,25-Nov,25-Nov,25-Nov,16.3
28-Jun,Ganga,KOSI/MAHANANDA,0.1-10,0.1-10,0.1-10,25-Nov,25-Nov,25-Nov,0.1-10,0.8
28-Jun,Ganga,BAGMATI/ADHWARA,0.1-10,0.1-10,0.1-10,0.1-10,0.1-10,0.1-10,0.1-10,0.1
28-Jun,Ganga,GANDAK,0.1-10,25-Nov,25-Nov,25-Nov,0.1-10,0.1-10,0.1-10,0.3
28-Jun,Ganga,SON,25-Nov,25-Nov,25-Nov,25-Nov,25-Nov,25-Nov,0.1-10,4.6
28-Jun,Ganga,PUNPUN/DHAB NADI,0.1-10,25-Nov,25-Nov,26-37,25-Nov,0.1-10,25-Nov,6.1
28-Jun,Ganga,NORTH KOEL,25-Nov,25-Nov,26-37,25-Nov,25-Nov,0.1-10,25-Nov,5.6
28-Jun,Ganga,KANHAR,25-Nov,25-Nov,26-37,26-37,25-Nov,25-Nov,25-Nov,8.3
28-Jun,Ganga,UPPER SON,25-Nov,25-Nov,26-37,26-37,25-Nov,0.1-10,25-Nov,11.2
29-Jun,Ganga,KOSI/MAHANANDA,0.1-10,25-Nov,0.1-10,25-Nov,0.1-10,0.1-10,0.1-10,1.1
29-Jun,Ganga,BAGMATI/ADHWARA,0.1-10,0.1-10,0.1-10,0.1-10,0.1-10,0.1-10,0.1-10,0
29-Jun,Ganga,GANDAK,0.1-10,0.1-10,0.1-10,25-Nov,0.1-10,0.1-10,0.1-10,0.7
29-Jun,Ganga,SON,0.1-10,25-Nov,25-Nov,0.1-10,0.1-10,0.1-10,0.1-10,5.4
29-Jun,Ganga,PUNPUN/DHAB NADI,0.1-10,25-Nov,0.1-10,0.1-10,0.1-10,0.1-10,0.1-10,2.1
29-Jun,Ganga,NORTH KOEL,25-Nov,26-37,26-37,0.1-10,0.1-10,0.1-10,25-Nov,9.9
29-Jun,Ganga,KANHAR,25-Nov,26-37,26-37,0.1-10,0.1-10,25-Nov,25-Nov,12.9
29-Jun,Ganga,UPPER SON,25-Nov,26-37,25-Nov,0.1-10,25-Nov,25-Nov,25-Nov,5.2
30-Jun,Ganga,KOSI/MAHANANDA,0.1-10,0.1-10,0.1-10,0.1-10,0.1-10,0.1-10,0.1-10,1.3
30-Jun,Ganga,BAGMATI/ADHWARA,0.1-10,0.1-10,0.1-10,0.1-10,0.1-10,0.1-10,0.1-10,2.2
30-Jun,Ganga,GANDAK,0.1-10,0.1-10,0.1-10,0.1-10,0.1-10,0.1-10,0.1-10,10.1
30-Jun,Ganga,SON,25-Nov,25-Nov,0.1-10,25-Nov,25-Nov,25-Nov,0.1-10,3.9
30-Jun,Ganga,PUNPUN/DHAB NADI,25-Nov,25-Nov,0.1-10,25-Nov,26-37,26-37,25-Nov,5.8
30-Jun,Ganga,NORTH KOEL,25-Nov,25-Nov,0.1-10,25-Nov,25-Nov,25-Nov,25-Nov,11.9
30-Jun,Ganga,KANHAR,25-Nov,25-Nov,25-Nov,25-Nov,26-37,0.1-10,25-Nov,21.5
30-Jun,Ganga,UPPER SON,25-Nov,25-Nov,25-Nov,26-37,26-37,25-Nov,25-Nov,6
01-Jul,Ganga,KOSI/MAHANANDA,0.1-10,0.1-10,0.1-10,25-Nov,0.1-10,0.1-10,0.1-10,5.4
01-Jul,Ganga,BAGMATI/ADHWARA,0.1-10,0.1-10,0.1-10,0.1-10,0.1-10,0.1-10,0.1-10,4.9
01-Jul,Ganga,GANDAK,0.1-10,0.1-10,0.1-10,25-Nov,0.1-10,0.1-10,0.1-10,10
01-Jul,Ganga,SON,0.1-10,0.1-10,25-Nov,25-Nov,0.1-10,25-Nov,0.1-10,18.2
01-Jul,Ganga,PUNPUN/DHAB NADI,0.1-10,0.1-10,25-Nov,25-Nov,25-Nov,26-37,0.1-10,9.8
01-Jul,Ganga,NORTH KOEL,25-Nov,25-Nov,25-Nov,26-37,25-Nov,25-Nov,0.1-10,26.5
01-Jul,Ganga,KANHAR,25-Nov,25-Nov,25-Nov,26-37,25-Nov,25-Nov,0.1-10,38
01-Jul,Ganga,UPPER SON,25-Nov,25-Nov,25-Nov,25-Nov,25-Nov,25-Nov,0.1-10,12.1
02-Jul,Ganga,KOSI/MAHANANDA,0.1-10,0.1-10,25-Nov,0.1-10,0.1-10,0.1-10,0.1-10,4.7
02-Jul,Ganga,BAGMATI/ADHWARA,0.1-10,0.1-10,0.1-10,0.1-10,0.1-10,0.1-10,0.1-10,1
02-Jul,Ganga,GANDAK,0.1-10,0.1-10,0.1-10,0.1-10,0.1-10,0.1-10,0.1-10,3.8
02-Jul,Ganga,SON,0.1-10,0.1-10,25-Nov,25-Nov,0.1-10,0.1-10,0.1-10,11.1
02-Jul,Ganga,PUNPUN/DHAB NADI,0.1-10,0.1-10,25-Nov,25-Nov,0.1-10,0.1-10,25-Nov,3.6
02-Jul,Ganga,NORTH KOEL,0.1-10,25-Nov,26-37,25-Nov,25-Nov,25-Nov,0.1-10,8.4
02-Jul,Ganga,KANHAR,25-Nov,25-Nov,26-37,25-Nov,25-Nov,25-Nov,25-Nov,10.5
02-Jul,Ganga,UPPER SON,25-Nov,26-37,26-37,26-37,26-37,25-Nov,25-Nov,10.7
03-Jul,Ganga,KOSI/MAHANANDA,0.1-10,0.1-10,0.1-10,0.1-10,0.1-10,0.1-10,0.1-10,2
03-Jul,Ganga,BAGMATI/ADHWARA,0.1-10,0.1-10,0.1-10,0.1-10,0.1-10,0.1-10,0.1-10,2.1
03-Jul,Ganga,GANDAK,0.1-10,0.1-10,0.1-10,0.1-10,0.1-10,0.1-10,0.1-10,3.4
03-Jul,Ganga,SON,0.1-10,25-Nov,25-Nov,0.1-10,0.1-10,0.1-10,0.1-10,0.7
03-Jul,Ganga,PUNPUN/DHAB NADI,0.1-10,25-Nov,0.1-10,0.1-10,0.1-10,0.1-10,0.1-10,4.8
03-Jul,Ganga,NORTH KOEL,25-Nov,25-Nov,26-37,25-Nov,0.1-10,25-Nov,0.1-10,2.4
03-Jul,Ganga,KANHAR,25-Nov,26-37,26-37,26-37,25-Nov,0.1-10,25-Nov,10.9
03-Jul,Ganga,UPPER SON,25-Nov,26-37,26-37,25-Nov,25-Nov,25-Nov,25-Nov,13.2
04-Jul,Ganga,KOSI/MAHANANDA,0.1-10,0.1-10,0.1-10,0.1-10,0.1-10,0.1-10,0.1-10,3.7
04-Jul,Ganga,BAGMATI/ADHWARA,0.1-10,0.1-10,0.1-10,0.1-10,0.1-10,0.1-10,0.1-10,0.9
04-Jul,Ganga,GANDAK,0.1-10,0.1-10,0.1-10,0.1-10,0.1-10,0.1-10,0.1-10,0.7
04-Jul,Ganga,SON,0.1-10,25-Nov,0.1-10,0.1-10,0.1-10,0.1-10,25-Nov,3.3
04-Jul,Ganga,PUNPUN/DHAB NADI,0.1-10,0.1-10,0.1-10,0.1-10,0.1-10,0.1-10,0.1-10,4.8
04-Jul,Ganga,NORTH KOEL,25-Nov,26-37,25-Nov,25-Nov,25-Nov,25-Nov,0.1-10,1.4
04-Jul,Ganga,KANHAR,25-Nov,26-37,26-37,25-Nov,25-Nov,25-Nov,0.1-10,7.4
04-Jul,Ganga,UPPER SON,25-Nov,26-37,26-37,26-37,26-37,25-Nov,0.1-10,20.3
05-Jul,Ganga,KOSI/MAHANANDA,0.1-10,0.1-10,0.1-10,0.1-10,0.1-10,0.1-10,0.1-10,7.7
05-Jul,Ganga,BAGMATI/ADHWARA,0.1-10,0.1-10,0.1-10,0.1-10,0.1-10,0.1-10,0.1-10,1.9
05-Jul,Ganga,GANDAK,0.1-10,0.1-10,0.1-10,0.1-10,0.1-10,0.1-10,0.1-10,3
05-Jul,Ganga,SON,0.1-10,0.1-10,0.1-10,0.1-10,0.1-10,0.1-10,0.1-10,2.3
05-Jul,Ganga,PUNPUN/DHAB NADI,0.1-10,0.1-10,0.1-10,0.1-10,0.1-10,0.1-10,0.1-10,3.6
05-Jul,Ganga,NORTH KOEL,25-Nov,25-Nov,25-Nov,0.1-10,0.1-10,0.1-10,0.1-10,2.7
05-Jul,Ganga,KANHAR,25-Nov,25-Nov,25-Nov,26-37,25-Nov,0.1-10,0.1-10,6.7
05-Jul,Ganga,UPPER SON,26-37,26-37,25-Nov,26-37,25-Nov,0.1-10,0.1-10,26.6
06-Jul,Ganga,KOSI/MAHANANDA,0.1-10,0.1-10,0.1-10,0.1-10,0.1-10,0.1-10,0.1-10,1.6
06-Jul,Ganga,BAGMATI/ADHWARA,0.1-10,0.1-10,0.1-10,0.1-10,0.1-10,0.1-10,0.1-10,0.7
06-Jul,Ganga,GANDAK,0.1-10,0.1-10,0.1-10,0.1-10,0.1-10,0.1-10,0.1-10,0.4
06-Jul,Ganga,SON,0.1-10,0.1-10,0.1-10,0.1-10,0.1-10,0.1-10,0.1-10,4
06-Jul,Ganga,PUNPUN/DHAB NADI,0.1-10,0.1-10,0.1-10,0.1-10,0.1-10,0.1-10,0.1-10,1.9
06-Jul,Ganga,NORTH KOEL,25-Nov,25-Nov,25-Nov,0.1-10,0.1-10,0.1-10,0.1-10,12.3
06-Jul,Ganga,KANHAR,25-Nov,25-Nov,25-Nov,25-Nov,0.1-10,0.1-10,0.1-10,44
06-Jul,Ganga,UPPER SON,26-37,26-37,25-Nov,25-Nov,25-Nov,0.1-10,0.1-10,34
07-Jul,Ganga,KOSI/MAHANANDA,0.1-10,0.1-10,0.1-10,0.1-10,0.1-10,0.1-10,0.1-10,0.3
07-Jul,Ganga,BAGMATI/ADHWARA,0.1-10,0.1-10,0.1-10,0.1-10,0.1-10,0.1-10,0.1-10,0.1
07-Jul,Ganga,GANDAK,0.1-10,0.1-10,0.1-10,0.1-10,0.1-10,0.1-10,0.1-10,0.2
07-Jul,Ganga,SON,0.1-10,0.1-10,0.1-10,0.1-10,0.1-10,0.1-10,0.1-10,1.9
07-Jul,Ganga,PUNPUN/DHAB NADI,0.1-10,0.1-10,0.1-10,0.1-10,0.1-10,0.1-10,0.1-10,3.3
07-Jul,Ganga,NORTH KOEL,25-Nov,0.1-10,0.1-10,0.1-10,0.1-10,0.1-10,25-Nov,14.5
07-Jul,Ganga,KANHAR,0.1-10,0.1-10,25-Nov,25-Nov,0.1-10,0.1-10,25-Nov,12
07-Jul,Ganga,UPPER SON,25-Nov,25-Nov,25-Nov,26-37,25-Nov,25-Nov,25-Nov,34.8
08-Jul,Ganga,KOSI/MAHANANDA,0.1-10,0.1-10,0.1-10,0,0.1-10,0.1-10,0.1-10,0.5
08-Jul,Ganga,BAGMATI/ADHWARA,0,0.1-10,0,0,0.1-10,0.1-10,0.1-10,0
08-Jul,Ganga,GANDAK,0.1-10,0.1-10,0.1-10,0.1-10,0.1-10,0.1-10,0.1-10,0.1
08-Jul,Ganga,SON,0.1-10,0.1-10,0.1-10,0.1-10,0.1-10,0.1-10,0.1-10,1.3
08-Jul,Ganga,PUNPUN/DHAB NADI,0,0.1-10,0.1-10,0.1-10,0.1-10,0.1-10,0.1-10,0.9
08-Jul,Ganga,NORTH KOEL,0.1-10,25-Nov,25-Nov,0.1-10,0.1-10,25-Nov,0.1-10,8.8
08-Jul,Ganga,KANHAR,0.1-10,25-Nov,25-Nov,0.1-10,0.1-10,25-Nov,25-Nov,9
08-Jul,Ganga,UPPER SON,0.1-10,25-Nov,26-37,25-Nov,0.1-10,25-Nov,25-Nov,15.5
09-Jul,Ganga,KOSI/MAHANANDA,0.1-10,0.1-10,0.1-10,0.1-10,0.1-10,0.1-10,0.1-10,0.8
09-Jul,Ganga,BAGMATI/ADHWARA,0,0.1-10,0.1-10,0.1-10,0.1-10,0.1-10,0.1-10,1.4
09-Jul,Ganga,GANDAK,0.1-10,0.1-10,0.1-10,0.1-10,0.1-10,0.1-10,0.1-10,14.2
09-Jul,Ganga,SON,0.1-10,0.1-10,0.1-10,0.1-10,0.1-10,0.1-10,0.1-10,0.2
09-Jul,Ganga,PUNPUN/DHAB NADI,0.1-10,0.1-10,0.1-10,0.1-10,0.1-10,0.1-10,0.1-10,1.2
09-Jul,Ganga,NORTH KOEL,25-Nov,25-Nov,0.1-10,0.1-10,25-Nov,25-Nov,0.1-10,0.6
09-Jul,Ganga,KANHAR,26-37,26-37,25-Nov,0.1-10,25-Nov,25-Nov,25-Nov,0.1
09-Jul,Ganga,UPPER SON,26-37,26-37,26-37,25-Nov,25-Nov,25-Nov,25-Nov,4.6
10-Jul,Ganga,KOSI/MAHANANDA,0.1-10,0.1-10,0.1-10,0.1-10,0.1-10,0.1-10,25-Nov,2
10-Jul,Ganga,BAGMATI/ADHWARA,0.1-10,0.1-10,0.1-10,0.1-10,0.1-10,0.1-10,25-Nov,1.6
10-Jul,Ganga,GANDAK,0.1-10,0.1-10,0.1-10,0.1-10,0.1-10,0.1-10,0.1-10,1.6
10-Jul,Ganga,SON,0.1-10,0.1-10,0.1-10,0.1-10,0.1-10,0.1-10,0.1-10,2.8
10-Jul,Ganga,PUNPUN/DHAB NADI,25-Nov,0.1-10,0.1-10,0.1-10,0.1-10,0.1-10,0.1-10,3.5
10-Jul,Ganga,NORTH KOEL,0.1-10,26-37,0.1-10,25-Nov,0.1-10,0.1-10,26-37,8.2
10-Jul,Ganga,KANHAR,25-Nov,25-Nov,25-Nov,25-Nov,0.1-10,0.1-10,0.1-10,10.6
10-Jul,Ganga,UPPER SON,25-Nov,26-37,25-Nov,25-Nov,25-Nov,25-Nov,25-Nov,12
11-Jul,Ganga,KOSI/MAHANANDA,0.1-10,0.1-10,0.1-10,0.1-10,0.1-10,25-Nov,0.1-10,1.1
11-Jul,Ganga,BAGMATI/ADHWARA,0.1-10,0.1-10,0.1-10,0.1-10,0.1-10,0.1-10,0.1-10,0.6
11-Jul,Ganga,GANDAK,0.1-10,0.1-10,0.1-10,0.1-10,0.1-10,25-Nov,0.1-10,0.4
11-Jul,Ganga,SON,0.1-10,0.1-10,0.1-10,0.1-10,0.1-10,0.1-10,0.1-10,11.7
11-Jul,Ganga,PUNPUN/DHAB NADI,0.1-10,0.1-10,0.1-10,0.1-10,0.1-10,0.1-10,0.1-10,6.3
11-Jul,Ganga,NORTH KOEL,25-Nov,25-Nov,0.1-10,0.1-10,25-Nov,0.1-10,0.1-10,13
11-Jul,Ganga,KANHAR,25-Nov,25-Nov,25-Nov,25-Nov,25-Nov,0.1-10,0.1-10,29.9
11-Jul,Ganga,UPPER SON,26-37,25-Nov,25-Nov,25-Nov,0.1-10,25-Nov,0.1-10,37.8
12-Jul,Ganga,KOSI/MAHANANDA,0,0.1-10,0.1-10,0.1-10,25-Nov,0.1-10,0.1-10,0.7
12-Jul,Ganga,BAGMATI/ADHWARA,0.1-10,0.1-10,0.1-10,0.1-10,0.1-10,0.1-10,0.1-10,0.1
12-Jul,Ganga,GANDAK,0.1-10,0.1-10,0.1-10,0.1-10,25-Nov,0.1-10,0.1-10,0.2
12-Jul,Ganga,SON,0.1-10,0.1-10,0.1-10,25-Nov,25-Nov,25-Nov,0.1-10,1.3
12-Jul,Ganga,PUNPUN/DHAB NADI,0.1-10,0.1-10,0.1-10,25-Nov,25-Nov,0.1-10,0.1-10,0.6
12-Jul,Ganga,NORTH KOEL,25-Nov,0.1-10,25-Nov,25-Nov,25-Nov,25-Nov,0.1-10,12.2
12-Jul,Ganga,KANHAR,25-Nov,0.1-10,25-Nov,25-Nov,25-Nov,25-Nov,25-Nov,18.9
12-Jul,Ganga,UPPER SON,25-Nov,25-Nov,25-Nov,0.1-10,0.1-10,25-Nov,25-Nov,43.3
13-Jul,Ganga,KOSI/MAHANANDA,0.1-10,0.1-10,0.1-10,0.1-10,0.1-10,0.1-10,25-Nov,0.5
13-Jul,Ganga,BAGMATI/ADHWARA,0.1-10,0.1-10,0.1-10,0.1-10,0,0,0.1-10,0
13-Jul,Ganga,GANDAK,0.1-10,0.1-10,25-Nov,0.1-10,0.1-10,0,25-Nov,0.3
13-Jul,Ganga,SON,0.1-10,0.1-10,25-Nov,26-37,0.1-10,0.1-10,0.1-10,0.8
13-Jul,Ganga,PUNPUN/DHAB NADI,25-Nov,25-Nov,26-37,26-37,0.1-10,0.1-10,0.1-10,1.6
13-Jul,Ganga,NORTH KOEL,0.1-10,0.1-10,25-Nov,25-Nov,0.1-10,0.1-10,25-Nov,0.1
13-Jul,Ganga,KANHAR,25-Nov,0.1-10,25-Nov,25-Nov,0.1-10,0.1-10,25-Nov,0
13-Jul,Ganga,UPPER SON,0.1-10,25-Nov,0.1-10,25-Nov,25-Nov,25-Nov,25-Nov,1.6
14-Jul,Ganga,KOSI/MAHANANDA,0.1-10,25-Nov,25-Nov,0.1-10,0.1-10,0.1-10,25-Nov,4.7
14-Jul,Ganga,BAGMATI/ADHWARA,0.1-10,0.1-10,0.1-10,0.1-10,0,0.1-10,25-Nov,6.5
14-Jul,Ganga,GANDAK,0.1-10,0.1-10,0.1-10,0.1-10,0,0.1-10,25-Nov,8.3
14-Jul,Ganga,SON,0.1-10,26-37,26-37,26-37,0.1-10,0.1-10,0.1-10,2.3
14-Jul,Ganga,PUNPUN/DHAB NADI,0.1-10,26-37,26-37,25-Nov,0.1-10,0.1-10,0.1-10,9.5
14-Jul,Ganga,NORTH KOEL,25-Nov,25-Nov,26-37,25-Nov,0.1-10,0.1-10,0.1-10,14
14-Jul,Ganga,KANHAR,25-Nov,25-Nov,25-Nov,25-Nov,0.1-10,0.1-10,0.1-10,26.7
14-Jul,Ganga,UPPER SON,25-Nov,25-Nov,25-Nov,25-Nov,0.1-10,0.1-10,0.1-10,8.1
15-Jul,Ganga,KOSI/MAHANANDA,25-Nov,25-Nov,0.1-10,0.1-10,0.1-10,0.1-10,0.1-10,13.2
15-Jul,Ganga,BAGMATI/ADHWARA,0.1-10,25-Nov,0.1-10,0.1-10,0.1-10,0.1-10,0.1-10,10.2
15-Jul,Ganga,GANDAK,0.1-10,0.1-10,0.1-10,0.1-10,0.1-10,0.1-10,0.1-10,10.8
15-Jul,Ganga,SON,25-Nov,26-37,25-Nov,0.1-10,0.1-10,0.1-10,0.1-10,10.9
15-Jul,Ganga,PUNPUN/DHAB NADI,26-37,26-37,25-Nov,0.1-10,0.1-10,0.1-10,0.1-10,21.1
15-Jul,Ganga,NORTH KOEL,25-Nov,25-Nov,0.1-10,25-Nov,0.1-10,0.1-10,0.1-10,31.7
15-Jul,Ganga,KANHAR,25-Nov,25-Nov,0.1-10,25-Nov,0.1-10,0.1-10,0.1-10,26.8
15-Jul,Ganga,UPPER SON,25-Nov,26-37,25-Nov,0.1-10,0.1-10,0.1-10,0.1-10,11.5
16-Jul,Ganga,KOSI/MAHANANDA,25-Nov,0.1-10,0.1-10,0.1-10,26-37,25-Nov,25-Nov,24.4
16-Jul,Ganga,BAGMATI/ADHWARA,26-37,25-Nov,0.1-10,0.1-10,25-Nov,25-Nov,0.1-10,27.7
16-Jul,Ganga,GANDAK,26-37,25-Nov,0.1-10,0.1-10,25-Nov,25-Nov,0.1-10,15.4
16-Jul,Ganga,SON,26-37,25-Nov,0.1-10,0.1-10,0.1-10,0.1-10,0.1-10,38.4
16-Jul,Ganga,PUNPUN/DHAB NADI,25-Nov,0.1-10,0.1-10,0.1-10,0.1-10,0.1-10,0.1-10,40.7
16-Jul,Ganga,NORTH KOEL,38-50,25-Nov,0.1-10,0.1-10,0.1-10,0.1-10,25-Nov,65.6
16-Jul,Ganga,KANHAR,38-50,25-Nov,0.1-10,0.1-10,0.1-10,0.1-10,25-Nov,66.2
16-Jul,Ganga,UPPER SON,26-37,25-Nov,0.1-10,0.1-10,25-Nov,25-Nov,25-Nov,19.2
17-Jul,Ganga,KOSI/MAHANANDA,0.1-10,0.1-10,0.1-10,25-Nov,0.1-10,25-Nov,25-Nov,17.6
17-Jul,Ganga,BAGMATI/ADHWARA,0.1-10,0.1-10,0.1-10,25-Nov,0.1-10,0.1-10,0.1-10,15.3
17-Jul,Ganga,GANDAK,25-Nov,0.1-10,0.1-10,25-Nov,0.1-10,0.1-10,0.1-10,13.1
17-Jul,Ganga,SON,0.1-10,0.1-10,0.1-10,0.1-10,0.1-10,0.1-10,0.1-10,37
17-Jul,Ganga,PUNPUN/DHAB NADI,25-Nov,0.1-10,0.1-10,0.1-10,0.1-10,0.1-10,0.1-10,18.9
17-Jul,Ganga,NORTH KOEL,25-Nov,0.1-10,0.1-10,0.1-10,0.1-10,25-Nov,25-Nov,25.5
17-Jul,Ganga,KANHAR,25-Nov,0.1-10,0.1-10,0.1-10,0.1-10,25-Nov,25-Nov,38
17-Jul,Ganga,UPPER SON,51-75,0.1-10,0.1-10,0.1-10,0.1-10,25-Nov,25-Nov,53.2
18-Jul,Ganga,KOSI/MAHANANDA,0.1-10,0.1-10,25-Nov,25-Nov,0.1-10,0.1-10,25-Nov,1.9
18-Jul,Ganga,BAGMATI/ADHWARA,0.1-10,0.1-10,0.1-10,0.1-10,0.1-10,0.1-10,25-Nov,2.4
18-Jul,Ganga,GANDAK,0.1-10,0.1-10,0.1-10,0.1-10,0.1-10,0.1-10,0.1-10,9.4
18-Jul,Ganga,SON,0.1-10,0.1-10,0.1-10,0.1-10,0.1-10,0.1-10,0.1-10,11.3
18-Jul,Ganga,PUNPUN/DHAB NADI,0.1-10,0.1-10,0.1-10,0.1-10,0.1-10,0.1-10,0.1-10,11.3
18-Jul,Ganga,NORTH KOEL,0.1-10,0.1-10,25-Nov,0.1-10,0.1-10,25-Nov,25-Nov,2.7
18-Jul,Ganga,KANHAR,0.1-10,0.1-10,25-Nov,0.1-10,0.1-10,0.1-10,25-Nov,1.8
18-Jul,Ganga,UPPER SON,0.1-10,0.1-10,0.1-10,0.1-10,0.1-10,25-Nov,0.1-10,10.6
19-Jul,Ganga,KOSI/MAHANANDA,0.1-10,0.1-10,0.1-10,0.1-10,0.1-10,0.1-10,0.1-10,3
19-Jul,Ganga,BAGMATI/ADHWARA,0.1-10,0.1-10,0.1-10,0.1-10,0.1-10,0.1-10,0.1-10,0
19-Jul,Ganga,GANDAK,0.1-10,0.1-10,0.1-10,0.1-10,0.1-10,0.1-10,0.1-10,0
19-Jul,Ganga,SON,0.1-10,0.1-10,0.1-10,0.1-10,0.1-10,0.1-10,0.1-10,1.5
19-Jul,Ganga,PUNPUN/DHAB NADI,0.1-10,0.1-10,0.1-10,0.1-10,0.1-10,0.1-10,0.1-10,1
19-Jul,Ganga,NORTH KOEL,0.1-10,0.1-10,0.1-10,25-Nov,25-Nov,0.1-10,26-37,2.5
19-Jul,Ganga,KANHAR,0.1-10,0.1-10,0.1-10,25-Nov,25-Nov,25-Nov,26-37,8.7
19-Jul,Ganga,UPPER SON,0.1-10,0.1-10,0.1-10,0.1-10,0.1-10,0.1-10,25-Nov,9.9
20-Jul,Ganga,KOSI/MAHANANDA,0.1-10,0.1-10,0.1-10,0.1-10,0.1-10,0.1-10,0.1-10,27.9
20-Jul,Ganga,BAGMATI/ADHWARA,0.1-10,0.1-10,0.1-10,0.1-10,0.1-10,0.1-10,0.1-10,9.6
20-Jul,Ganga,GANDAK,0.1-10,0.1-10,0.1-10,0.1-10,0.1-10,0.1-10,0.1-10,4
20-Jul,Ganga,SON,0.1-10,0.1-10,0.1-10,0.1-10,25-Nov,25-Nov,25-Nov,0.9
20-Jul,Ganga,PUNPUN/DHAB NADI,0.1-10,0.1-10,0.1-10,0.1-10,25-Nov,25-Nov,25-Nov,17.2
20-Jul,Ganga,NORTH KOEL,0.1-10,0.1-10,0.1-10,25-Nov,26-37,26-37,25-Nov,8.5
20-Jul,Ganga,KANHAR,25-Nov,0.1-10,25-Nov,25-Nov,26-37,26-37,25-Nov,23.4
20-Jul,Ganga,UPPER SON,0.1-10,0.1-10,0.1-10,25-Nov,25-Nov,26-37,25-Nov,6.6
21-Jul,Ganga,KOSI/MAHANANDA,0.1-10,0.1-10,0.1-10,25-Nov,0.1-10,0.1-10,0.1-10,3.8
21-Jul,Ganga,BAGMATI/ADHWARA,0.1-10,0.1-10,0.1-10,25-Nov,0.1-10,0.1-10,0.1-10,0.7
21-Jul,Ganga,GANDAK,0.1-10,0.1-10,0.1-10,25-Nov,0.1-10,0.1-10,0.1-10,2.1
21-Jul,Ganga,SON,0.1-10,0.1-10,0.1-10,0.1-10,25-Nov,0.1-10,0.1-10,4
21-Jul,Ganga,PUNPUN/DHAB NADI,0.1-10,0.1-10,0.1-10,0.1-10,25-Nov,0.1-10,0.1-10,4.2
21-Jul,Ganga,NORTH KOEL,0.1-10,0.1-10,0.1-10,25-Nov,26-37,25-Nov,0.1-10,3.8
21-Jul,Ganga,KANHAR,0.1-10,0.1-10,25-Nov,25-Nov,26-37,25-Nov,0.1-10,0.6
21-Jul,Ganga,UPPER SON,0.1-10,0.1-10,25-Nov,25-Nov,26-37,25-Nov,25-Nov,2
22-Jul,Ganga,KOSI/MAHANANDA,0.1-10,0.1-10,0.1-10,0.1-10,0.1-10,0.1-10,0.1-10,4.3
22-Jul,Ganga,BAGMATI/ADHWARA,0.1-10,0.1-10,0.1-10,0.1-10,0.1-10,0.1-10,0.1-10,4.7
22-Jul,Ganga,GANDAK,0.1-10,0.1-10,0.1-10,0.1-10,0.1-10,0.1-10,0.1-10,2.4
22-Jul,Ganga,SON,0.1-10,0.1-10,0.1-10,25-Nov,25-Nov,26-37,25-Nov,2.1
22-Jul,Ganga,PUNPUN/DHAB NADI,0.1-10,0.1-10,0.1-10,25-Nov,26-37,25-Nov,25-Nov,1.8
22-Jul,Ganga,NORTH KOEL,0.1-10,0.1-10,25-Nov,25-Nov,26-37,26-37,26-37,1.3
22-Jul,Ganga,KANHAR,0.1-10,0.1-10,25-Nov,25-Nov,26-37,26-37,25-Nov,3.3
22-Jul,Ganga,UPPER SON,0.1-10,25-Nov,25-Nov,25-Nov,25-Nov,26-37,25-Nov,3.7
23-Jul,Ganga,KOSI/MAHANANDA,0.1-10,25-Nov,0.1-10,0.1-10,25-Nov,0.1-10,0.1-10,4.2
23-Jul,Ganga,BAGMATI/ADHWARA,0.1-10,0.1-10,0.1-10,0.1-10,0.1-10,0.1-10,0.1-10,6.7
23-Jul,Ganga,GANDAK,0.1-10,0.1-10,0.1-10,0.1-10,0.1-10,0.1-10,0.1-10,0.9
23-Jul,Ganga,SON,0.1-10,0.1-10,25-Nov,25-Nov,0.1-10,0.1-10,0.1-10,0.5
23-Jul,Ganga,PUNPUN/DHAB NADI,0.1-10,0.1-10,25-Nov,25-Nov,0.1-10,0.1-10,0.1-10,1.3
23-Jul,Ganga,NORTH KOEL,0.1-10,25-Nov,26-37,26-37,0.1-10,0.1-10,0.1-10,10
23-Jul,Ganga,KANHAR,0.1-10,25-Nov,26-37,26-37,0.1-10,0.1-10,0.1-10,13.7
23-Jul,Ganga,UPPER SON,25-Nov,25-Nov,26-37,26-37,25-Nov,25-Nov,0.1-10,4.5
24-Jul,Ganga,KOSI/MAHANANDA,25-Nov,0.1-10,0.1-10,0.1-10,0.1-10,0.1-10,0.1-10,0.3
24-Jul,Ganga,BAGMATI/ADHWARA,0.1-10,0.1-10,0.1-10,0.1-10,0.1-10,0.1-10,0.1-10,0.7
24-Jul,Ganga,GANDAK,0.1-10,0.1-10,0.1-10,0.1-10,0.1-10,0.1-10,0.1-10,1.9
24-Jul,Ganga,SON,0.1-10,25-Nov,0.1-10,0.1-10,0.1-10,0.1-10,0.1-10,6.6
24-Jul,Ganga,PUNPUN/DHAB NADI,0.1-10,25-Nov,0.1-10,0.1-10,0.1-10,0.1-10,0.1-10,5.2
24-Jul,Ganga,NORTH KOEL,25-Nov,38-50,0.1-10,0.1-10,0.1-10,0.1-10,25-Nov,10
24-Jul,Ganga,KANHAR,25-Nov,38-50,25-Nov,25-Nov,25-Nov,0.1-10,26-37,23.6
24-Jul,Ganga,UPPER SON,25-Nov,38-50,25-Nov,25-Nov,25-Nov,25-Nov,26-37,22.5
25-Jul,Ganga,KOSI/MAHANANDA,0.1-10,0.1-10,0.1-10,0.1-10,25-Nov,0.1-10,25-Nov,9.3
25-Jul,Ganga,BAGMATI/ADHWARA,0.1-10,0.1-10,0.1-10,0.1-10,0.1-10,0.1-10,0.1-10,6.8
25-Jul,Ganga,GANDAK,25-Nov,0.1-10,0.1-10,0.1-10,0.1-10,25-Nov,0.1-10,6.9
25-Jul,Ganga,SON,25-Nov,0.1-10,0.1-10,0.1-10,0.1-10,0.1-10,0.1-10,8.7
25-Jul,Ganga,PUNPUN/DHAB NADI,0.1-10,0.1-10,0.1-10,0.1-10,0.1-10,0.1-10,0.1-10,6.3
25-Jul,Ganga,NORTH KOEL,25-Nov,0.1-10,0.1-10,0.1-10,25-Nov,0.1-10,0.1-10,7.9
25-Jul,Ganga,KANHAR,38-50,25-Nov,0.1-10,0.1-10,25-Nov,0.1-10,0.1-10,29.5
25-Jul,Ganga,UPPER SON,38-50,25-Nov,0.1-10,0.1-10,25-Nov,25-Nov,25-Nov,24.2
26-Jul,Ganga,KOSI/MAHANANDA,0.1-10,0.1-10,25-Nov,0.1-10,25-Nov,25-Nov,25-Nov,3.9
26-Jul,Ganga,BAGMATI/ADHWARA,0.1-10,0.1-10,25-Nov,0.1-10,25-Nov,0.1-10,0.1-10,5.1
26-Jul,Ganga,GANDAK,0.1-10,0.1-10,25-Nov,0.1-10,25-Nov,0.1-10,25-Nov,6.3
26-Jul,Ganga,SON,0.1-10,0.1-10,0.1-10,25-Nov,25-Nov,25-Nov,0.1-10,14.6
26-Jul,Ganga,PUNPUN/DHAB NADI,0.1-10,0.1-10,0.1-10,25-Nov,25-Nov,25-Nov,0.1-10,16.6
26-Jul,Ganga,NORTH KOEL,25-Nov,0.1-10,25-Nov,25-Nov,0.1-10,0.1-10,0.1-10,44.8
26-Jul,Ganga,KANHAR,25-Nov,0.1-10,0.1-10,25-Nov,0.1-10,25-Nov,0.1-10,68.4
26-Jul,Ganga,UPPER SON,25-Nov,0.1-10,25-Nov,25-Nov,0.1-10,0.1-10,0.1-10,42
27-Jul,Ganga,KOSI/MAHANANDA,0.1-10,25-Nov,25-Nov,25-Nov,25-Nov,25-Nov,25-Nov,2.9
27-Jul,Ganga,BAGMATI/ADHWARA,0.1-10,25-Nov,25-Nov,25-Nov,0.1-10,0.1-10,0.1-10,2.2
27-Jul,Ganga,GANDAK,0.1-10,25-Nov,25-Nov,25-Nov,0.1-10,0.1-10,0.1-10,2.3
27-Jul,Ganga,SON,0.1-10,0.1-10,0.1-10,0.1-10,0.1-10,0.1-10,0.1-10,3.3
27-Jul,Ganga,PUNPUN/DHAB NADI,0.1-10,0.1-10,0.1-10,0.1-10,0.1-10,0.1-10,0.1-10,2.8
27-Jul,Ganga,NORTH KOEL,0.1-10,25-Nov,25-Nov,0.1-10,0.1-10,0.1-10,0.1-10,5.6
27-Jul,Ganga,KANHAR,0.1-10,25-Nov,25-Nov,0.1-10,25-Nov,0.1-10,0.1-10,9.1
27-Jul,Ganga,UPPER SON,0.1-10,0.1-10,25-Nov,0.1-10,0.1-10,0.1-10,0.1-10,18.9
28-Jul,Ganga,KOSI/MAHANANDA,25-Nov,25-Nov,25-Nov,25-Nov,25-Nov,26-37,26-37,11.7
28-Jul,Ganga,BAGMATI/ADHWARA,0.1-10,0.1-10,0.1-10,25-Nov,25-Nov,25-Nov,25-Nov,7.4
28-Jul,Ganga,GANDAK,25-Nov,0.1-10,25-Nov,25-Nov,25-Nov,25-Nov,25-Nov,10.6
28-Jul,Ganga,SON,26-37,25-Nov,25-Nov,25-Nov,25-Nov,0.1-10,25-Nov,7.3
28-Jul,Ganga,PUNPUN/DHAB NADI,25-Nov,25-Nov,0.1-10,25-Nov,25-Nov,0.1-10,25-Nov,15.3
28-Jul,Ganga,NORTH KOEL,25-Nov,0.1-10,0.1-10,0.1-10,0.1-10,0.1-10,0.1-10,1.8
28-Jul,Ganga,KANHAR,25-Nov,25-Nov,25-Nov,0.1-10,0.1-10,0.1-10,0.1-10,2.9
28-Jul,Ganga,UPPER SON,0.1-10,25-Nov,25-Nov,0.1-10,0.1-10,0.1-10,0.1-10,2.3
29-Jul,Ganga,KOSI/MAHANANDA,25-Nov,25-Nov,25-Nov,25-Nov,25-Nov,26-37,26-37,9.3
29-Jul,Ganga,BAGMATI/ADHWARA,25-Nov,25-Nov,25-Nov,25-Nov,25-Nov,26-37,26-37,23.6
29-Jul,Ganga,GANDAK,25-Nov,0.1-10,25-Nov,25-Nov,25-Nov,26-37,26-37,27
29-Jul,Ganga,SON,25-Nov,25-Nov,0.1-10,0.1-10,0.1-10,0.1-10,0.1-10,18.8
29-Jul,Ganga,PUNPUN/DHAB NADI,25-Nov,25-Nov,25-Nov,0.1-10,0.1-10,25-Nov,25-Nov,19.5
29-Jul,Ganga,NORTH KOEL,25-Nov,25-Nov,0.1-10,0.1-10,0.1-10,25-Nov,25-Nov,3.2
29-Jul,Ganga,KANHAR,25-Nov,25-Nov,0.1-10,0.1-10,0.1-10,0.1-10,0.1-10,1.8
29-Jul,Ganga,UPPER SON,25-Nov,0.1-10,0.1-10,0.1-10,0.1-10,0.1-10,0.1-10,2.4
30-Jul,Ganga,KOSI/MAHANANDA,0.1-10,0.1-10,25-Nov,26-37,26-37,26-37,25-Nov,8.2
30-Jul,Ganga,BAGMATI/ADHWARA,0.1-10,0.1-10,25-Nov,26-37,26-37,25-Nov,25-Nov,2.2
30-Jul,Ganga,GANDAK,0.1-10,0.1-10,25-Nov,26-37,26-37,25-Nov,25-Nov,4.8
30-Jul,Ganga,SON,25-Nov,25-Nov,25-Nov,25-Nov,25-Nov,0.1-10,0.1-10,6.4
30-Jul,Ganga,PUNPUN/DHAB NADI,0.1-10,25-Nov,25-Nov,25-Nov,25-Nov,0.1-10,0.1-10,8.7
30-Jul,Ganga,NORTH KOEL,25-Nov,25-Nov,25-Nov,0.1-10,25-Nov,0.1-10,0.1-10,1.4
30-Jul,Ganga,KANHAR,25-Nov,0.1-10,0.1-10,0.1-10,25-Nov,0.1-10,0.1-10,1.6
30-Jul,Ganga,UPPER SON,0.1-10,0.1-10,0.1-10,0.1-10,0.1-10,0.1-10,0.1-10,3.5
31-Jul,Ganga,KOSI/MAHANANDA,0.1-10,25-Nov,26-37,26-37,25-Nov,0.1-10,0.1-10,7.1
31-Jul,Ganga,BAGMATI/ADHWARA,0.1-10,0.1-10,26-37,26-37,25-Nov,0.1-10,0.1-10,2.4
31-Jul,Ganga,GANDAK,0.1-10,0.1-10,26-37,26-37,25-Nov,0.1-10,0.1-10,3.1
31-Jul,Ganga,SON,0.1-10,25-Nov,25-Nov,25-Nov,25-Nov,0.1-10,0.1-10,9
31-Jul,Ganga,PUNPUN/DHAB NADI,0.1-10,25-Nov,25-Nov,25-Nov,25-Nov,0.1-10,0.1-10,8.5
31-Jul,Ganga,NORTH KOEL,0.1-10,25-Nov,25-Nov,25-Nov,0.1-10,0.1-10,0.1-10,9.5
31-Jul,Ganga,KANHAR,25-Nov,25-Nov,0.1-10,0.1-10,0.1-10,0.1-10,0.1-10,12.6
31-Jul,Ganga,UPPER SON,0.1-10,0.1-10,0.1-10,0.1-10,0.1-10,0.1-10,0.1-10,2.3
01-Aug,Ganga,KOSI/MAHANANDA,25-Nov,38-50,25-Nov,26-37,0.1-10,0.1-10,25-Nov,7.8
01-Aug,Ganga,BAGMATI/ADHWARA,25-Nov,26-37,26-37,26-37,0.1-10,0.1-10,0.1-10,1.5
01-Aug,Ganga,GANDAK,25-Nov,25-Nov,26-37,26-37,0.1-10,0.1-10,0.1-10,4.9
01-Aug,Ganga,SON,25-Nov,25-Nov,25-Nov,25-Nov,0.1-10,0.1-10,25-Nov,3
01-Aug,Ganga,PUNPUN/DHAB NADI,26-37,26-37,26-37,25-Nov,0.1-10,0.1-10,25-Nov,18.2
01-Aug,Ganga,NORTH KOEL,25-Nov,25-Nov,25-Nov,0.1-10,0.1-10,0.1-10,25-Nov,2.3
01-Aug,Ganga,KANHAR,25-Nov,0.1-10,25-Nov,0.1-10,0.1-10,0.1-10,0.1-10,1.9
01-Aug,Ganga,UPPER SON,0.1-10,25-Nov,25-Nov,0.1-10,0.1-10,0.1-10,0.1-10,0.5
02-Aug,Ganga,KOSI/MAHANANDA,38-50,26-37,25-Nov,25-Nov,0.1-10,25-Nov,25-Nov,6.6
02-Aug,Ganga,BAGMATI/ADHWARA,26-37,38-50,25-Nov,25-Nov,0.1-10,0.1-10,25-Nov,19.7
02-Aug,Ganga,GANDAK,25-Nov,26-37,26-37,0.1-10,0.1-10,0.1-10,25-Nov,12.9
02-Aug,Ganga,SON,25-Nov,25-Nov,0.1-10,0.1-10,0.1-10,0.1-10,25-Nov,3.6
02-Aug,Ganga,PUNPUN/DHAB NADI,25-Nov,25-Nov,0.1-10,0.1-10,0.1-10,25-Nov,25-Nov,28.3
02-Aug,Ganga,NORTH KOEL,25-Nov,0.1-10,0.1-10,0.1-10,0.1-10,0.1-10,0.1-10,0.5
02-Aug,Ganga,KANHAR,0.1-10,0.1-10,0.1-10,0.1-10,0.1-10,0.1-10,0.1-10,2.7
02-Aug,Ganga,UPPER SON,0.1-10,0.1-10,0.1-10,0.1-10,0.1-10,0.1-10,0.1-10,8
03-Aug,Ganga,KOSI/MAHANANDA,26-37,26-37,25-Nov,0.1-10,0.1-10,25-Nov,25-Nov,32.7
03-Aug,Ganga,BAGMATI/ADHWARA,38-50,26-37,25-Nov,0.1-10,0.1-10,25-Nov,25-Nov,31.8
03-Aug,Ganga,GANDAK,38-50,38-50,0.1-10,0.1-10,0.1-10,25-Nov,25-Nov,28.6
03-Aug,Ganga,SON,26-37,25-Nov,0.1-10,0.1-10,0.1-10,0.1-10,25-Nov,19.7
03-Aug,Ganga,PUNPUN/DHAB NADI,25-Nov,25-Nov,0.1-10,0.1-10,25-Nov,0.1-10,25-Nov,15.2
03-Aug,Ganga,NORTH KOEL,25-Nov,0.1-10,0.1-10,0.1-10,0.1-10,25-Nov,25-Nov,14.3
03-Aug,Ganga,KANHAR,25-Nov,25-Nov,0.1-10,0.1-10,0.1-10,25-Nov,25-Nov,32.1
03-Aug,Ganga,UPPER SON,25-Nov,0.1-10,0.1-10,0.1-10,0.1-10,25-Nov,0.1-10,22.7
04-Aug,Ganga,KOSI/MAHANANDA,25-Nov,0.1-10,0.1-10,25-Nov,26-37,25-Nov,26-37,42.6
04-Aug,Ganga,BAGMATI/ADHWARA,25-Nov,0.1-10,0.1-10,25-Nov,25-Nov,25-Nov,25-Nov,39.1
04-Aug,Ganga,GANDAK,25-Nov,0.1-10,0.1-10,25-Nov,25-Nov,25-Nov,25-Nov,43
04-Aug,Ganga,SON,25-Nov,0.1-10,0.1-10,0.1-10,0.1-10,25-Nov,25-Nov,20.9
04-Aug,Ganga,PUNPUN/DHAB NADI,0.1-10,0.1-10,0.1-10,0.1-10,0.1-10,0.1-10,0.1-10,20.5
04-Aug,Ganga,NORTH KOEL,0.1-10,0.1-10,0.1-10,25-Nov,25-Nov,0.1-10,0.1-10,23.1
04-Aug,Ganga,KANHAR,25-Nov,0.1-10,0.1-10,0.1-10,25-Nov,0.1-10,0.1-10,41.9
04-Aug,Ganga,UPPER SON,0.1-10,0.1-10,0.1-10,0.1-10,25-Nov,0.1-10,0.1-10,13.7
05-Aug,Ganga,KOSI/MAHANANDA,0.1-10,0.1-10,0.1-10,26-37,25-Nov,25-Nov,26-37,15
05-Aug,Ganga,BAGMATI/ADHWARA,0.1-10,0.1-10,0.1-10,25-Nov,0.1-10,25-Nov,25-Nov,17
05-Aug,Ganga,GANDAK,0.1-10,0.1-10,0.1-10,26-37,25-Nov,25-Nov,25-Nov,24.9
05-Aug,Ganga,SON,25-Nov,0.1-10,25-Nov,25-Nov,0.1-10,0.1-10,25-Nov,11
05-Aug,Ganga,PUNPUN/DHAB NADI,0.1-10,0.1-10,0.1-10,25-Nov,0.1-10,0.1-10,25-Nov,10
05-Aug,Ganga,NORTH KOEL,0.1-10,0.1-10,0.1-10,25-Nov,0.1-10,0.1-10,0.1-10,2.7
05-Aug,Ganga,KANHAR,25-Nov,0.1-10,0.1-10,25-Nov,0.1-10,0.1-10,25-Nov,7.4
05-Aug,Ganga,UPPER SON,0.1-10,0.1-10,0.1-10,0.1-10,0.1-10,0.1-10,25-Nov,2.4
06-Aug,Ganga,KOSI/MAHANANDA,0.1-10,25-Nov,26-37,25-Nov,25-Nov,26-37,26-37,10.6
06-Aug,Ganga,BAGMATI/ADHWARA,0.1-10,25-Nov,26-37,25-Nov,25-Nov,25-Nov,26-37,1.7
06-Aug,Ganga,GANDAK,0.1-10,25-Nov,26-37,26-37,25-Nov,25-Nov,26-37,3.4
06-Aug,Ganga,SON,0.1-10,26-37,25-Nov,0.1-10,0.1-10,25-Nov,25-Nov,5.3
06-Aug,Ganga,PUNPUN/DHAB NADI,0.1-10,25-Nov,25-Nov,25-Nov,0.1-10,25-Nov,25-Nov,2.5
06-Aug,Ganga,NORTH KOEL,0.1-10,25-Nov,0.1-10,25-Nov,0.1-10,0.1-10,0.1-10,3.9
06-Aug,Ganga,KANHAR,0.1-10,0.1-10,0.1-10,0.1-10,0.1-10,0.1-10,0.1-10,2.5
06-Aug,Ganga,UPPER SON,0.1-10,0.1-10,0.1-10,0.1-10,0.1-10,0.1-10,0.1-10,1.8
07-Aug,Ganga,KOSI/MAHANANDA,25-Nov,26-37,26-37,25-Nov,25-Nov,25-Nov,25-Nov,1.3
07-Aug,Ganga,BAGMATI/ADHWARA,25-Nov,25-Nov,25-Nov,0.1-10,25-Nov,0.1-10,0.1-10,0.6
07-Aug,Ganga,GANDAK,0.1-10,25-Nov,25-Nov,0.1-10,25-Nov,25-Nov,25-Nov,2.2
07-Aug,Ganga,SON,0.1-10,25-Nov,25-Nov,0.1-10,0.1-10,0.1-10,0.1-10,4.1
07-Aug,Ganga,PUNPUN/DHAB NADI,25-Nov,25-Nov,25-Nov,0.1-10,0.1-10,0.1-10,0.1-10,3.4
07-Aug,Ganga,NORTH KOEL,0.1-10,25-Nov,0.1-10,0.1-10,25-Nov,25-Nov,25-Nov,8.1
07-Aug,Ganga,KANHAR,0.1-10,0.1-10,0.1-10,0.1-10,0.1-10,25-Nov,25-Nov,7
07-Aug,Ganga,UPPER SON,0.1-10,0.1-10,0.1-10,0.1-10,25-Nov,25-Nov,0.1-10,1.1
08-Aug,Ganga,KOSI/MAHANANDA,25-Nov,25-Nov,25-Nov,25-Nov,25-Nov,25-Nov,0.1-10,12.2
08-Aug,Ganga,BAGMATI/ADHWARA,25-Nov,25-Nov,0.1-10,0.1-10,25-Nov,0.1-10,0.1-10,13.5
08-Aug,Ganga,GANDAK,25-Nov,0.1-10,0.1-10,25-Nov,25-Nov,0.1-10,0.1-10,5.5
08-Aug,Ganga,SON,25-Nov,0.1-10,0.1-10,0.1-10,25-Nov,25-Nov,0.1-10,19
08-Aug,Ganga,PUNPUN/DHAB NADI,25-Nov,0.1-10,0.1-10,0.1-10,25-Nov,0.1-10,0.1-10,9.5
08-Aug,Ganga,NORTH KOEL,0.1-10,0.1-10,0.1-10,0.1-10,25-Nov,25-Nov,25-Nov,17
08-Aug,Ganga,KANHAR,25-Nov,0.1-10,0.1-10,0.1-10,25-Nov,25-Nov,25-Nov,21.5
08-Aug,Ganga,UPPER SON,0.1-10,0.1-10,0.1-10,0.1-10,25-Nov,25-Nov,25-Nov,10
09-Aug,Ganga,KOSI/MAHANANDA,0.1-10,0.1-10,0.1-10,25-Nov,0.1-10,0.1-10,0.1-10,13.4
09-Aug,Ganga,BAGMATI/ADHWARA,0.1-10,0.1-10,0.1-10,25-Nov,0.1-10,0.1-10,0.1-10,12.8
09-Aug,Ganga,GANDAK,25-Nov,0.1-10,0.1-10,25-Nov,0.1-10,0.1-10,0.1-10,13.2
09-Aug,Ganga,SON,0.1-10,0.1-10,0.1-10,0.1-10,0.1-10,0.1-10,0.1-10,4.6
09-Aug,Ganga,PUNPUN/DHAB NADI,0.1-10,0.1-10,0.1-10,0.1-10,0.1-10,0.1-10,0.1-10,5.7
09-Aug,Ganga,NORTH KOEL,0.1-10,0.1-10,0.1-10,25-Nov,0.1-10,0.1-10,0.1-10,3
09-Aug,Ganga,KANHAR,0.1-10,0.1-10,0.1-10,25-Nov,25-Nov,25-Nov,0.1-10,6.4
09-Aug,Ganga,UPPER SON,0.1-10,0.1-10,0.1-10,25-Nov,0.1-10,25-Nov,25-Nov,14.3
10-Aug,Ganga,KOSI/MAHANANDA,0.1-10,0.1-10,25-Nov,0.1-10,0.1-10,0.1-10,0.1-10,4.5
10-Aug,Ganga,BAGMATI/ADHWARA,0.1-10,0.1-10,25-Nov,0.1-10,0.1-10,0.1-10,0.1-10,6.6
10-Aug,Ganga,GANDAK,0.1-10,0.1-10,25-Nov,0.1-10,0.1-10,0.1-10,0.1-10,7.1
10-Aug,Ganga,SON,0.1-10,0.1-10,0.1-10,0.1-10,0.1-10,0.1-10,0.1-10,6
10-Aug,Ganga,PUNPUN/DHAB NADI,0.1-10,0.1-10,0.1-10,0.1-10,0.1-10,0.1-10,0.1-10,7.5
10-Aug,Ganga,NORTH KOEL,0.1-10,0.1-10,25-Nov,0.1-10,0.1-10,0.1-10,0.1-10,0.9
10-Aug,Ganga,KANHAR,0.1-10,0.1-10,25-Nov,25-Nov,25-Nov,0.1-10,25-Nov,6.1
10-Aug,Ganga,UPPER SON,0.1-10,25-Nov,25-Nov,25-Nov,25-Nov,25-Nov,25-Nov,11.8
11-Aug,Ganga,KOSI/MAHANANDA,25-Nov,26-37,25-Nov,25-Nov,0.1-10,0.1-10,0.1-10,6.8
11-Aug,Ganga,BAGMATI/ADHWARA,0.1-10,26-37,25-Nov,0.1-10,0.1-10,0.1-10,0.1-10,12.6
11-Aug,Ganga,GANDAK,0.1-10,25-Nov,25-Nov,0.1-10,0.1-10,0.1-10,0.1-10,9.1
11-Aug,Ganga,SON,0.1-10,0.1-10,0.1-10,0.1-10,0.1-10,0.1-10,0.1-10,1.3
11-Aug,Ganga,PUNPUN/DHAB NADI,0.1-10,0.1-10,0.1-10,0.1-10,0.1-10,0.1-10,0.1-10,6.1
11-Aug,Ganga,NORTH KOEL,0.1-10,0.1-10,0.1-10,0.1-10,0.1-10,0.1-10,0.1-10,4.7
11-Aug,Ganga,KANHAR,0.1-10,0.1-10,0.1-10,0.1-10,0.1-10,0.1-10,0.1-10,8
11-Aug,Ganga,UPPER SON,0.1-10,25-Nov,25-Nov,0.1-10,0.1-10,0.1-10,0.1-10,2.4
12-Aug,Ganga,KOSI/MAHANANDA,0.1-10,0.1-10,0.1-10,0.1-10,0.1-10,0.1-10,0.1-10,5.7
12-Aug,Ganga,BAGMATI/ADHWARA,0.1-10,0.1-10,0.1-10,0.1-10,0.1-10,0.1-10,0.1-10,3.9
12-Aug,Ganga,GANDAK,0.1-10,0.1-10,0.1-10,0.1-10,0.1-10,0.1-10,0.1-10,2.9
12-Aug,Ganga,SON,0.1-10,0.1-10,0.1-10,0.1-10,0.1-10,0.1-10,0.1-10,2.8
12-Aug,Ganga,PUNPUN/DHAB NADI,0.1-10,0.1-10,0.1-10,0.1-10,0.1-10,0.1-10,0.1-10,3.3
12-Aug,Ganga,NORTH KOEL,0.1-10,0.1-10,0.1-10,0.1-10,0.1-10,0.1-10,0.1-10,6.5
12-Aug,Ganga,KANHAR,0.1-10,0.1-10,0.1-10,0.1-10,0.1-10,0.1-10,0.1-10,14.7
12-Aug,Ganga,UPPER SON,0.1-10,25-Nov,0.1-10,25-Nov,25-Nov,25-Nov,25-Nov,2.7
13-Aug,Ganga,KOSI/MAHANANDA,25-Nov,0.1-10,0.1-10,25-Nov,0.1-10,0.1-10,0.1-10,45.8
13-Aug,Ganga,BAGMATI/ADHWARA,25-Nov,0.1-10,0.1-10,0.1-10,0.1-10,0.1-10,0.1-10,19.1
13-Aug,Ganga,GANDAK,25-Nov,0.1-10,0.1-10,0.1-10,0.1-10,0.1-10,0.1-10,17.9
13-Aug,Ganga,SON,26-37,0.1-10,0.1-10,0.1-10,0.1-10,0.1-10,0.1-10,21.6
13-Aug,Ganga,PUNPUN/DHAB NADI,26-37,0.1-10,0.1-10,0.1-10,0.1-10,0.1-10,0.1-10,10.9
13-Aug,Ganga,NORTH KOEL,25-Nov,0.1-10,0.1-10,0.1-10,0.1-10,0.1-10,0.1-10,12.7
13-Aug,Ganga,KANHAR,25-Nov,0.1-10,0.1-10,0.1-10,0.1-10,0.1-10,0.1-10,28.8
13-Aug,Ganga,UPPER SON,25-Nov,0.1-10,0.1-10,0.1-10,0.1-10,0.1-10,0.1-10,15.2
14-Aug,Ganga,KOSI/MAHANANDA,25-Nov,0.1-10,0.1-10,0.1-10,0.1-10,0.1-10,0.1-10,9.8
14-Aug,Ganga,BAGMATI/ADHWARA,0.1-10,0.1-10,0.1-10,0.1-10,0.1-10,0.1-10,0.1-10,20.8
14-Aug,Ganga,GANDAK,0.1-10,0.1-10,0.1-10,0.1-10,0.1-10,0.1-10,0.1-10,15
14-Aug,Ganga,SON,0.1-10,0.1-10,0.1-10,0.1-10,0.1-10,0.1-10,0.1-10,10.8
14-Aug,Ganga,PUNPUN/DHAB NADI,0.1-10,0.1-10,0.1-10,0.1-10,0.1-10,0.1-10,0.1-10,19.6
14-Aug,Ganga,NORTH KOEL,0.1-10,0.1-10,0.1-10,0.1-10,0.1-10,0.1-10,0.1-10,1.1
14-Aug,Ganga,KANHAR,0.1-10,0.1-10,0.1-10,0.1-10,0.1-10,25-Nov,0.1-10,1.7
14-Aug,Ganga,UPPER SON,0.1-10,25-Nov,25-Nov,0.1-10,25-Nov,25-Nov,25-Nov,4.7
15-Aug,Ganga,KOSI/MAHANANDA,0.1-10,0.1-10,0.1-10,0.1-10,0.1-10,25-Nov,25-Nov,0.9
15-Aug,Ganga,BAGMATI/ADHWARA,0.1-10,0.1-10,0.1-10,0.1-10,0.1-10,0.1-10,0.1-10,3.1
15-Aug,Ganga,GANDAK,0.1-10,0.1-10,0.1-10,0.1-10,0.1-10,0.1-10,0.1-10,1.1
15-Aug,Ganga,SON,0.1-10,0.1-10,0.1-10,0.1-10,0.1-10,0.1-10,0.1-10,2.6
15-Aug,Ganga,PUNPUN/DHAB NADI,0.1-10,0.1-10,0.1-10,0.1-10,0.1-10,0.1-10,25-Nov,0.9
15-Aug,Ganga,NORTH KOEL,0.1-10,0.1-10,0.1-10,0.1-10,0.1-10,0.1-10,0.1-10,1.5
15-Aug,Ganga,KANHAR,0.1-10,0.1-10,0.1-10,0.1-10,0.1-10,0.1-10,25-Nov,0.5
15-Aug,Ganga,UPPER SON,0.1-10,0.1-10,0.1-10,0.1-10,0.1-10,0.1-10,25-Nov,0.1
16-Aug,Ganga,KOSI/MAHANANDA,0.1-10,0.1-10,0.1-10,25-Nov,25-Nov,25-Nov,26-37,0.2
16-Aug,Ganga,BAGMATI/ADHWARA,0.1-10,0.1-10,0.1-10,0.1-10,0.1-10,25-Nov,25-Nov,0.4
16-Aug,Ganga,GANDAK,0.1-10,0.1-10,0.1-10,0.1-10,0.1-10,25-Nov,26-37,0.4
16-Aug,Ganga,SON,0.1-10,0.1-10,0.1-10,0.1-10,0.1-10,25-Nov,25-Nov,0.1
16-Aug,Ganga,PUNPUN/DHAB NADI,0.1-10,0.1-10,0.1-10,0.1-10,25-Nov,25-Nov,26-37,0.3
16-Aug,Ganga,NORTH KOEL,0.1-10,0.1-10,0.1-10,0.1-10,0.1-10,25-Nov,25-Nov,0.3
16-Aug,Ganga,KANHAR,0.1-10,0.1-10,0.1-10,0.1-10,25-Nov,25-Nov,25-Nov,0.8
16-Aug,Ganga,UPPER SON,0.1-10,0.1-10,0.1-10,0.1-10,25-Nov,25-Nov,25-Nov,5.9
17-Aug,Ganga,KOSI/MAHANANDA,25-Nov,0.1-10,25-Nov,25-Nov,25-Nov,25-Nov,25-Nov,0.2
17-Aug,Ganga,BAGMATI/ADHWARA,25-Nov,0.1-10,0.1-10,0.1-10,25-Nov,25-Nov,0.1-10,0.7
17-Aug,Ganga,GANDAK,0.1-10,0.1-10,0.1-10,0.1-10,25-Nov,25-Nov,0.1-10,0.3
17-Aug,Ganga,SON,0.1-10,0.1-10,0.1-10,0.1-10,25-Nov,26-37,26-37,0.1
17-Aug,Ganga,PUNPUN/DHAB NADI,0.1-10,0.1-10,0.1-10,25-Nov,25-Nov,26-37,26-37,0.1
17-Aug,Ganga,NORTH KOEL,0.1-10,0.1-10,0.1-10,25-Nov,25-Nov,26-37,26-37,0
17-Aug,Ganga,KANHAR,0.1-10,0.1-10,0.1-10,25-Nov,25-Nov,26-37,26-37,0.2
17-Aug,Ganga,UPPER SON,0.1-10,0.1-10,0.1-10,25-Nov,25-Nov,26-37,26-37,3.4
18-Aug,Ganga,KOSI/MAHANANDA,0.1-10,0.1-10,25-Nov,25-Nov,25-Nov,25-Nov,25-Nov,9.1
18-Aug,Ganga,BAGMATI/ADHWARA,0.1-10,0.1-10,0.1-10,25-Nov,0.1-10,25-Nov,0.1-10,6.5
18-Aug,Ganga,GANDAK,0.1-10,0.1-10,0.1-10,25-Nov,25-Nov,25-Nov,0.1-10,4.6
18-Aug,Ganga,SON,0.1-10,0.1-10,0.1-10,25-Nov,25-Nov,25-Nov,0.1-10,5.2
18-Aug,Ganga,PUNPUN/DHAB NADI,0.1-10,0.1-10,25-Nov,25-Nov,25-Nov,26-37,0.1-10,5.5
18-Aug,Ganga,NORTH KOEL,0.1-10,0.1-10,0.1-10,25-Nov,26-37,26-37,25-Nov,1
18-Aug,Ganga,KANHAR,0.1-10,0.1-10,25-Nov,25-Nov,26-37,25-Nov,25-Nov,0.8
18-Aug,Ganga,UPPER SON,0.1-10,0.1-10,25-Nov,25-Nov,26-37,25-Nov,25-Nov,2.7
19-Aug,Ganga,KOSI/MAHANANDA,0.1-10,25-Nov,25-Nov,25-Nov,25-Nov,25-Nov,0.1-10,3.9
19-Aug,Ganga,BAGMATI/ADHWARA,0.1-10,0.1-10,25-Nov,25-Nov,25-Nov,25-Nov,0.1-10,2.8
19-Aug,Ganga,GANDAK,0.1-10,0.1-10,25-Nov,25-Nov,25-Nov,25-Nov,0.1-10,2.3
19-Aug,Ganga,SON,0.1-10,0.1-10,25-Nov,26-37,25-Nov,25-Nov,0.1-10,3.6
19-Aug,Ganga,PUNPUN/DHAB NADI,0.1-10,0.1-10,25-Nov,26-37,25-Nov,25-Nov,0.1-10,2.8
19-Aug,Ganga,NORTH KOEL,0.1-10,0.1-10,25-Nov,26-37,25-Nov,25-Nov,25-Nov,2.8
19-Aug,Ganga,KANHAR,0.1-10,0.1-10,26-37,26-37,26-37,25-Nov,25-Nov,2.3
19-Aug,Ganga,UPPER SON,0.1-10,0.1-10,25-Nov,25-Nov,26-37,25-Nov,0.1-10,1.6
20-Aug,Ganga,KOSI/MAHANANDA,0.1-10,25-Nov,25-Nov,25-Nov,25-Nov,25-Nov,0.1-10,2.2
20-Aug,Ganga,BAGMATI/ADHWARA,0.1-10,0.1-10,25-Nov,25-Nov,25-Nov,0.1-10,0.1-10,0.3
20-Aug,Ganga,GANDAK,0.1-10,0.1-10,25-Nov,25-Nov,25-Nov,25-Nov,0.1-10,0.5
20-Aug,Ganga,SON,0.1-10,0.1-10,26-37,25-Nov,25-Nov,0.1-10,0.1-10,1.2
20-Aug,Ganga,PUNPUN/DHAB NADI,0.1-10,25-Nov,25-Nov,25-Nov,25-Nov,25-Nov,0.1-10,1.4
20-Aug,Ganga,NORTH KOEL,0.1-10,25-Nov,26-37,25-Nov,25-Nov,25-Nov,0.1-10,0.7
20-Aug,Ganga,KANHAR,0.1-10,25-Nov,25-Nov,26-37,25-Nov,25-Nov,0.1-10,2.8
20-Aug,Ganga,UPPER SON,25-Nov,25-Nov,25-Nov,25-Nov,25-Nov,25-Nov,25-Nov,3.6
21-Aug,Ganga,KOSI/MAHANANDA,0.1-10,0.1-10,0.1-10,0.1-10,0.1-10,0.1-10,0.1-10,9.6
21-Aug,Ganga,BAGMATI/ADHWARA,0.1-10,0.1-10,25-Nov,0.1-10,0.1-10,0.1-10,0.1-10,5
21-Aug,Ganga,GANDAK,0.1-10,0.1-10,25-Nov,0.1-10,0.1-10,0.1-10,0.1-10,1.6
21-Aug,Ganga,SON,0.1-10,25-Nov,26-37,25-Nov,25-Nov,25-Nov,0.1-10,2.3
21-Aug,Ganga,PUNPUN/DHAB NADI,0.1-10,25-Nov,25-Nov,25-Nov,25-Nov,0.1-10,0.1-10,5.4
21-Aug,Ganga,NORTH KOEL,25-Nov,26-37,25-Nov,25-Nov,25-Nov,0.1-10,0.1-10,1
21-Aug,Ganga,KANHAR,25-Nov,26-37,25-Nov,25-Nov,25-Nov,0.1-10,0.1-10,3.1
21-Aug,Ganga,UPPER SON,25-Nov,25-Nov,25-Nov,25-Nov,25-Nov,0.1-10,0.1-10,5.9
22-Aug,Ganga,KOSI/MAHANANDA,0.1-10,0.1-10,0.1-10,0.1-10,0.1-10,0.1-10,0.1-10,5.1
22-Aug,Ganga,BAGMATI/ADHWARA,0.1-10,0.1-10,0.1-10,0.1-10,0.1-10,0.1-10,0.1-10,1.4
22-Aug,Ganga,GANDAK,0.1-10,0.1-10,0.1-10,0.1-10,0.1-10,0.1-10,0.1-10,9.4
22-Aug,Ganga,SON,25-Nov,26-37,25-Nov,25-Nov,25-Nov,0.1-10,0.1-10,13.2
22-Aug,Ganga,PUNPUN/DHAB NADI,25-Nov,25-Nov,25-Nov,0.1-10,0.1-10,0.1-10,0.1-10,5.4
22-Aug,Ganga,NORTH KOEL,26-37,25-Nov,25-Nov,25-Nov,0.1-10,0.1-10,0.1-10,16.8
22-Aug,Ganga,KANHAR,25-Nov,25-Nov,25-Nov,25-Nov,25-Nov,25-Nov,0.1-10,6.9
22-Aug,Ganga,UPPER SON,25-Nov,0.1-10,0.1-10,0.1-10,0.1-10,0.1-10,0.1-10,4.5
23-Aug,Ganga,KOSI/MAHANANDA,0.1-10,0.1-10,0.1-10,0.1-10,0.1-10,0.1-10,0.1-10,6.1
23-Aug,Ganga,BAGMATI/ADHWARA,0.1-10,0.1-10,0.1-10,0.1-10,0.1-10,0.1-10,0.1-10,2.9
23-Aug,Ganga,GANDAK,0.1-10,0.1-10,0.1-10,0.1-10,0.1-10,0.1-10,0.1-10,15.7
23-Aug,Ganga,SON,26-37,25-Nov,0.1-10,0.1-10,0.1-10,0.1-10,0.1-10,28.6
23-Aug,Ganga,PUNPUN/DHAB NADI,25-Nov,0.1-10,0.1-10,0.1-10,0.1-10,0.1-10,0.1-10,20.4
23-Aug,Ganga,NORTH KOEL,26-37,25-Nov,0.1-10,0.1-10,0.1-10,0.1-10,0.1-10,32.5
23-Aug,Ganga,KANHAR,26-37,25-Nov,0.1-10,25-Nov,0.1-10,0.1-10,0.1-10,23.7
23-Aug,Ganga,UPPER SON,25-Nov,0.1-10,0.1-10,25-Nov,25-Nov,0.1-10,0.1-10,13.3
24-Aug,Ganga,KOSI/MAHANANDA,0.1-10,0.1-10,0.1-10,0.1-10,0.1-10,0.1-10,0.1-10,6.9
24-Aug,Ganga,BAGMATI/ADHWARA,0.1-10,0.1-10,0.1-10,0.1-10,0.1-10,0.1-10,0.1-10,4.8
24-Aug,Ganga,GANDAK,0.1-10,0.1-10,0.1-10,0.1-10,0.1-10,0.1-10,0.1-10,3.7
24-Aug,Ganga,SON,25-Nov,25-Nov,0.1-10,0.1-10,0.1-10,0.1-10,0.1-10,18.6
24-Aug,Ganga,PUNPUN/DHAB NADI,25-Nov,0.1-10,0.1-10,0.1-10,0.1-10,0.1-10,0.1-10,8.6
24-Aug,Ganga,NORTH KOEL,26-37,25-Nov,0.1-10,0.1-10,0.1-10,0.1-10,0.1-10,17.8
24-Aug,Ganga,KANHAR,38-50,25-Nov,0.1-10,25-Nov,0.1-10,0.1-10,0.1-10,48.4
24-Aug,Ganga,UPPER SON,25-Nov,25-Nov,0.1-10,25-Nov,0.1-10,0.1-10,0.1-10,44.3
25-Aug,Ganga,KOSI/MAHANANDA,0.1-10,0.1-10,0.1-10,0.1-10,0.1-10,0.1-10,0.1-10,6.1
25-Aug,Ganga,BAGMATI/ADHWARA,0.1-10,0.1-10,0.1-10,0.1-10,0.1-10,0.1-10,0.1-10,3
25-Aug,Ganga,GANDAK,0.1-10,0.1-10,0.1-10,0.1-10,0.1-10,0.1-10,0.1-10,3.8
25-Aug,Ganga,SON,0.1-10,0.1-10,0.1-10,0.1-10,0.1-10,0.1-10,0.1-10,16.1
25-Aug,Ganga,PUNPUN/DHAB NADI,0.1-10,0.1-10,0.1-10,0.1-10,0.1-10,0.1-10,0.1-10,9
25-Aug,Ganga,NORTH KOEL,25-Nov,0.1-10,0.1-10,0.1-10,0.1-10,25-Nov,25-Nov,4.4
25-Aug,Ganga,KANHAR,0.1-10,0.1-10,0.1-10,0.1-10,25-Nov,25-Nov,25-Nov,5.9
25-Aug,Ganga,UPPER SON,0.1-10,25-Nov,0.1-10,0.1-10,0.1-10,0.1-10,25-Nov,10
26-Aug,Ganga,KOSI/MAHANANDA,0.1-10,0.1-10,0.1-10,0.1-10,0.1-10,0.1-10,0.1-10,0.4
26-Aug,Ganga,BAGMATI/ADHWARA,0.1-10,0.1-10,0.1-10,0.1-10,0.1-10,0.1-10,0.1-10,0.5
26-Aug,Ganga,GANDAK,0.1-10,0.1-10,0.1-10,0.1-10,0.1-10,0.1-10,25-Nov,1.1
26-Aug,Ganga,SON,0.1-10,0.1-10,0.1-10,0.1-10,0.1-10,0.1-10,0.1-10,4.2
26-Aug,Ganga,PUNPUN/DHAB NADI,0.1-10,0.1-10,0.1-10,0.1-10,0.1-10,25-Nov,0.1-10,1.3
26-Aug,Ganga,NORTH KOEL,0.1-10,0.1-10,0.1-10,0.1-10,25-Nov,25-Nov,25-Nov,3.5
26-Aug,Ganga,KANHAR,0.1-10,0.1-10,0.1-10,0.1-10,25-Nov,25-Nov,0.1-10,7.7
26-Aug,Ganga,UPPER SON,0.1-10,0.1-10,0.1-10,0.1-10,25-Nov,25-Nov,0.1-10,6.8
27-Aug,Ganga,KOSI/MAHANANDA,0.1-10,0.1-10,0.1-10,25-Nov,25-Nov,0.1-10,0.1-10,1.5
27-Aug,Ganga,BAGMATI/ADHWARA,0.1-10,0.1-10,0.1-10,0.1-10,25-Nov,25-Nov,0.1-10,0.7
27-Aug,Ganga,GANDAK,0.1-10,0.1-10,0.1-10,0.1-10,25-Nov,25-Nov,0.1-10,0.8
27-Aug,Ganga,SON,0.1-10,0.1-10,0.1-10,0.1-10,0.1-10,25-Nov,0.1-10,0.1
27-Aug,Ganga,PUNPUN/DHAB NADI,0.1-10,0.1-10,0.1-10,0.1-10,0.1-10,25-Nov,0.1-10,0.3
27-Aug,Ganga,NORTH KOEL,0.1-10,0.1-10,0.1-10,0.1-10,25-Nov,0.1-10,0.1-10,0
27-Aug,Ganga,KANHAR,0.1-10,0.1-10,25-Nov,25-Nov,25-Nov,25-Nov,25-Nov,0.3
27-Aug,Ganga,UPPER SON,0.1-10,0.1-10,0.1-10,25-Nov,25-Nov,25-Nov,25-Nov,3.7
28-Aug,Ganga,KOSI/MAHANANDA,0.1-10,0.1-10,25-Nov,0.1-10,0.1-10,0.1-10,0.1-10,3.2
28-Aug,Ganga,BAGMATI/ADHWARA,0.1-10,0.1-10,0.1-10,0.1-10,0.1-10,0.1-10,0.1-10,5.9
28-Aug,Ganga,GANDAK,0.1-10,0.1-10,0.1-10,0.1-10,0.1-10,0.1-10,0.1-10,3.3
28-Aug,Ganga,SON,0.1-10,0.1-10,0.1-10,0.1-10,0.1-10,0.1-10,0.1-10,0.1
28-Aug,Ganga,PUNPUN/DHAB NADI,0.1-10,0.1-10,0.1-10,0.1-10,0.1-10,0.1-10,0.1-10,1
28-Aug,Ganga,NORTH KOEL,0.1-10,0.1-10,0.1-10,0.1-10,0.1-10,0.1-10,0.1-10,0
28-Aug,Ganga,KANHAR,0.1-10,25-Nov,25-Nov,25-Nov,25-Nov,25-Nov,25-Nov,0
28-Aug,Ganga,UPPER SON,0.1-10,0.1-10,0.1-10,0.1-10,25-Nov,0.1-10,0.1-10,0.4
29-Aug,Ganga,KOSI/MAHANANDA,25-Nov,25-Nov,0.1-10,0.1-10,0.1-10,0.1-10,0.1-10,12.4
29-Aug,Ganga,BAGMATI/ADHWARA,0.1-10,0.1-10,25-Nov,0.1-10,0.1-10,0.1-10,0.1-10,0.8
29-Aug,Ganga,GANDAK,0.1-10,0.1-10,25-Nov,0.1-10,0.1-10,0.1-10,0.1-10,0.5
29-Aug,Ganga,SON,0.1-10,0.1-10,0.1-10,0.1-10,0.1-10,0.1-10,0.1-10,0.1
29-Aug,Ganga,PUNPUN/DHAB NADI,0.1-10,0.1-10,0.1-10,0.1-10,25-Nov,0.1-10,0.1-10,1.7
29-Aug,Ganga,NORTH KOEL,0.1-10,0.1-10,25-Nov,25-Nov,0.1-10,0.1-10,0.1-10,0.1
29-Aug,Ganga,KANHAR,0.1-10,0.1-10,25-Nov,25-Nov,25-Nov,25-Nov,25-Nov,0.1
29-Aug,Ganga,UPPER SON,0.1-10,0.1-10,25-Nov,25-Nov,25-Nov,25-Nov,25-Nov,0.6
30-Aug,Ganga,KOSI/MAHANANDA,0.1-10,0.1-10,0.1-10,0.1-10,0.1-10,0.1-10,0.1-10,5.5
30-Aug,Ganga,BAGMATI/ADHWARA,0.1-10,0.1-10,0.1-10,0.1-10,0.1-10,0.1-10,0.1-10,3
30-Aug,Ganga,GANDAK,0.1-10,0.1-10,0.1-10,0.1-10,0.1-10,0.1-10,0.1-10,0.9
30-Aug,Ganga,SON,0.1-10,0.1-10,0.1-10,0.1-10,0.1-10,0.1-10,0.1-10,0.3
30-Aug,Ganga,PUNPUN/DHAB NADI,0.1-10,0.1-10,0.1-10,0.1-10,0.1-10,0.1-10,0.1-10,1.1
30-Aug,Ganga,NORTH KOEL,0.1-10,0.1-10,0.1-10,0.1-10,0.1-10,0.1-10,25-Nov,1.5
30-Aug,Ganga,KANHAR,0.1-10,0.1-10,0.1-10,25-Nov,25-Nov,0.1-10,25-Nov,1.7
30-Aug,Ganga,UPPER SON,0.1-10,0.1-10,0.1-10,0.1-10,25-Nov,25-Nov,25-Nov,1.6
31-Aug,Ganga,KOSI/MAHANANDA,0.1-10,0.1-10,0.1-10,0.1-10,0.1-10,0.1-10,0.1-10,1.5
31-Aug,Ganga,BAGMATI/ADHWARA,0.1-10,0.1-10,0.1-10,0.1-10,0.1-10,0.1-10,0.1-10,3.5
31-Aug,Ganga,GANDAK,0.1-10,0.1-10,0.1-10,0.1-10,0.1-10,0.1-10,0.1-10,4.8
31-Aug,Ganga,SON,0.1-10,0.1-10,0.1-10,0.1-10,0.1-10,0.1-10,0.1-10,0.5
31-Aug,Ganga,PUNPUN/DHAB NADI,0.1-10,0.1-10,0.1-10,0.1-10,0.1-10,0.1-10,0.1-10,1.2
31-Aug,Ganga,NORTH KOEL,0.1-10,0.1-10,25-Nov,0.1-10,0.1-10,0.1-10,0.1-10,2.4
31-Aug,Ganga,KANHAR,25-Nov,0.1-10,25-Nov,25-Nov,0.1-10,25-Nov,25-Nov,6.7
31-Aug,Ganga,UPPER SON,0.1-10,0.1-10,25-Nov,25-Nov,25-Nov,25-Nov,25-Nov,1.5
01-Sep,Ganga,KOSI/MAHANANDA,0.1-10,0.1-10,0.1-10,0.1-10,0.1-10,0.1-10,25-Nov,0.7
01-Sep,Ganga,BAGMATI/ADHWARA,0.1-10,0.1-10,0.1-10,0.1-10,0.1-10,0.1-10,25-Nov,0.9
01-Sep,Ganga,GANDAK,0.1-10,0.1-10,0.1-10,0.1-10,0.1-10,0.1-10,25-Nov,6.5
01-Sep,Ganga,SON,0.1-10,0.1-10,0.1-10,0.1-10,0.1-10,0.1-10,0.1-10,5.6
01-Sep,Ganga,PUNPUN/DHAB NADI,0.1-10,0.1-10,0.1-10,0.1-10,0.1-10,0.1-10,0.1-10,2.4
01-Sep,Ganga,NORTH KOEL,25-Nov,25-Nov,0.1-10,0.1-10,0.1-10,0.1-10,25-Nov,2.7
01-Sep,Ganga,KANHAR,25-Nov,0.1-10,25-Nov,0.1-10,25-Nov,25-Nov,25-Nov,12
01-Sep,Ganga,UPPER SON,0.1-10,0.1-10,25-Nov,0.1-10,25-Nov,0.1-10,0.1-10,8.3
02-Sep,Ganga,KOSI/MAHANANDA,0.1-10,0.1-10,0.1-10,0.1-10,0.1-10,0.1-10,0.1-10,6.1
02-Sep,Ganga,BAGMATI/ADHWARA,0.1-10,0.1-10,0.1-10,0.1-10,0.1-10,0.1-10,0.1-10,1.2
02-Sep,Ganga,GANDAK,0.1-10,0.1-10,0.1-10,0.1-10,0.1-10,0.1-10,0.1-10,1.2
02-Sep,Ganga,SON,0.1-10,0.1-10,0.1-10,0.1-10,0.1-10,0.1-10,0.1-10,14.8
02-Sep,Ganga,PUNPUN/DHAB NADI,0.1-10,0.1-10,0.1-10,0.1-10,0.1-10,0.1-10,0.1-10,1.7
02-Sep,Ganga,NORTH KOEL,0.1-10,0.1-10,0.1-10,0.1-10,0.1-10,0.1-10,0.1-10,7.5
02-Sep,Ganga,KANHAR,0.1-10,0.1-10,0.1-10,25-Nov,25-Nov,25-Nov,25-Nov,9
02-Sep,Ganga,UPPER SON,0.1-10,25-Nov,0.1-10,25-Nov,0.1-10,0.1-10,0.1-10,7.9
03-Sep,Ganga,KOSI/MAHANANDA,0.1-10,0.1-10,0.1-10,0.1-10,25-Nov,25-Nov,25-Nov,3.4
03-Sep,Ganga,BAGMATI/ADHWARA,0.1-10,0.1-10,0.1-10,0.1-10,0.1-10,25-Nov,25-Nov,2.6
03-Sep,Ganga,GANDAK,0.1-10,0.1-10,0.1-10,0.1-10,0.1-10,25-Nov,25-Nov,3.1
03-Sep,Ganga,SON,0.1-10,0.1-10,0.1-10,0.1-10,0.1-10,0.1-10,0.1-10,8.7
03-Sep,Ganga,PUNPUN/DHAB NADI,0.1-10,0.1-10,0.1-10,0.1-10,0.1-10,25-Nov,0.1-10,5
03-Sep,Ganga,NORTH KOEL,0.1-10,0.1-10,0.1-10,0.1-10,0.1-10,25-Nov,0.1-10,8.9
03-Sep,Ganga,KANHAR,25-Nov,0.1-10,0.1-10,0.1-10,0.1-10,0.1-10,0.1-10,20.9
03-Sep,Ganga,UPPER SON,25-Nov,25-Nov,0.1-10,0.1-10,0.1-10,0.1-10,25-Nov,14.5
04-Sep,Ganga,KOSI/MAHANANDA,0.1-10,0.1-10,0.1-10,0.1-10,25-Nov,25-Nov,25-Nov,3.2
04-Sep,Ganga,BAGMATI/ADHWARA,0.1-10,0.1-10,0.1-10,0.1-10,25-Nov,25-Nov,25-Nov,1.1
04-Sep,Ganga,GANDAK,0.1-10,0.1-10,0.1-10,0.1-10,25-Nov,25-Nov,25-Nov,2
04-Sep,Ganga,SON,0.1-10,0.1-10,0.1-10,0.1-10,0.1-10,25-Nov,0.1-10,2.7
04-Sep,Ganga,PUNPUN/DHAB NADI,0.1-10,0.1-10,0.1-10,0.1-10,25-Nov,0.1-10,25-Nov,2.1
04-Sep,Ganga,NORTH KOEL,0.1-10,0.1-10,0.1-10,0.1-10,25-Nov,25-Nov,0.1-10,3.5
04-Sep,Ganga,KANHAR,0.1-10,0.1-10,0.1-10,25-Nov,25-Nov,25-Nov,0.1-10,8.8
04-Sep,Ganga,UPPER SON,25-Nov,0.1-10,0.1-10,25-Nov,25-Nov,25-Nov,25-Nov,9.3
05-Sep,Ganga,KOSI/MAHANANDA,0.1-10,0.1-10,0.1-10,25-Nov,25-Nov,25-Nov,25-Nov,0.7
05-Sep,Ganga,BAGMATI/ADHWARA,0.1-10,0.1-10,0.1-10,25-Nov,25-Nov,25-Nov,25-Nov,0.8
05-Sep,Ganga,GANDAK,0.1-10,0.1-10,0.1-10,25-Nov,0.1-10,25-Nov,25-Nov,1.5
05-Sep,Ganga,SON,0.1-10,0.1-10,0.1-10,0.1-10,25-Nov,25-Nov,0.1-10,1.7
05-Sep,Ganga,PUNPUN/DHAB NADI,0.1-10,0.1-10,0.1-10,25-Nov,0.1-10,0.1-10,25-Nov,1.7
05-Sep,Ganga,NORTH KOEL,0.1-10,0.1-10,0.1-10,0.1-10,0.1-10,25-Nov,25-Nov,1.6
05-Sep,Ganga,KANHAR,0.1-10,0.1-10,25-Nov,25-Nov,25-Nov,25-Nov,25-Nov,3.6
05-Sep,Ganga,UPPER SON,0.1-10,0.1-10,0.1-10,0.1-10,25-Nov,25-Nov,25-Nov,14.5
06-Sep,Ganga,KOSI/MAHANANDA,0.1-10,0.1-10,25-Nov,25-Nov,25-Nov,0.1-10,0.1-10,1.2
06-Sep,Ganga,BAGMATI/ADHWARA,0.1-10,0.1-10,25-Nov,25-Nov,25-Nov,0.1-10,0.1-10,0.1
06-Sep,Ganga,GANDAK,0.1-10,0.1-10,25-Nov,25-Nov,25-Nov,25-Nov,25-Nov,1.7
06-Sep,Ganga,SON,0.1-10,0.1-10,0.1-10,0.1-10,0.1-10,0.1-10,0.1-10,1
06-Sep,Ganga,PUNPUN/DHAB NADI,0.1-10,0.1-10,0.1-10,0.1-10,25-Nov,0.1-10,0.1-10,0.8
06-Sep,Ganga,NORTH KOEL,0.1-10,0.1-10,0.1-10,0.1-10,0.1-10,25-Nov,0.1-10,0.1
06-Sep,Ganga,KANHAR,0.1-10,25-Nov,25-Nov,0.1-10,25-Nov,0.1-10,0.1-10,0.1
06-Sep,Ganga,UPPER SON,0.1-10,0.1-10,25-Nov,25-Nov,0.1-10,0.1-10,0.1-10,1.6
07-Sep,Ganga,KOSI/MAHANANDA,0.1-10,0.1-10,25-Nov,25-Nov,25-Nov,25-Nov,25-Nov,2.7
07-Sep,Ganga,BAGMATI/ADHWARA,0.1-10,0.1-10,25-Nov,25-Nov,25-Nov,25-Nov,25-Nov,3.7
07-Sep,Ganga,GANDAK,0.1-10,0.1-10,0.1-10,25-Nov,25-Nov,25-Nov,25-Nov,3.6
07-Sep,Ganga,SON,0.1-10,0.1-10,0.1-10,0.1-10,0.1-10,0.1-10,0.1-10,2.6
07-Sep,Ganga,PUNPUN/DHAB NADI,0.1-10,0.1-10,0.1-10,25-Nov,25-Nov,0.1-10,25-Nov,4.3
07-Sep,Ganga,NORTH KOEL,0.1-10,25-Nov,0.1-10,0.1-10,0.1-10,25-Nov,0.1-10,1.5
07-Sep,Ganga,KANHAR,25-Nov,25-Nov,25-Nov,25-Nov,0.1-10,25-Nov,0.1-10,2.6
07-Sep,Ganga,UPPER SON,0.1-10,0.1-10,25-Nov,25-Nov,0.1-10,25-Nov,0.1-10,2.9
08-Sep,Ganga,KOSI/MAHANANDA,0.1-10,25-Nov,25-Nov,25-Nov,25-Nov,25-Nov,25-Nov,6.5
08-Sep,Ganga,BAGMATI/ADHWARA,0.1-10,0.1-10,25-Nov,25-Nov,25-Nov,25-Nov,0.1-10,5.7
08-Sep,Ganga,GANDAK,0.1-10,0.1-10,25-Nov,25-Nov,25-Nov,25-Nov,0.1-10,4.2
08-Sep,Ganga,SON,0.1-10,0.1-10,0.1-10,0.1-10,0.1-10,0.1-10,0.1-10,1.3
08-Sep,Ganga,PUNPUN/DHAB NADI,0.1-10,0.1-10,0.1-10,0.1-10,0.1-10,25-Nov,0.1-10,1.8
08-Sep,Ganga,NORTH KOEL,0.1-10,0.1-10,0.1-10,0.1-10,25-Nov,25-Nov,0.1-10,1.7
08-Sep,Ganga,KANHAR,0.1-10,25-Nov,0.1-10,0.1-10,0.1-10,0.1-10,0.1-10,6.4
08-Sep,Ganga,UPPER SON,0.1-10,0.1-10,0.1-10,0.1-10,0.1-10,0.1-10,0.1-10,3.8
09-Sep,Ganga,KOSI/MAHANANDA,0.1-10,25-Nov,25-Nov,25-Nov,25-Nov,25-Nov,25-Nov,10.1
09-Sep,Ganga,BAGMATI/ADHWARA,0.1-10,0.1-10,0.1-10,25-Nov,0.1-10,25-Nov,25-Nov,6.1
09-Sep,Ganga,GANDAK,25-Nov,0.1-10,25-Nov,0.1-10,0.1-10,25-Nov,25-Nov,4.6
09-Sep,Ganga,SON,25-Nov,0.1-10,0.1-10,0.1-10,0.1-10,0.1-10,0.1-10,1.7
09-Sep,Ganga,PUNPUN/DHAB NADI,0.1-10,0.1-10,0.1-10,0.1-10,0.1-10,0.1-10,0.1-10,3.6
09-Sep,Ganga,NORTH KOEL,0.1-10,0.1-10,0.1-10,0.1-10,0.1-10,0.1-10,0.1-10,2
09-Sep,Ganga,KANHAR,0.1-10,0.1-10,0.1-10,0.1-10,0.1-10,0.1-10,0.1-10,4.4
09-Sep,Ganga,UPPER SON,0.1-10,0.1-10,0.1-10,0.1-10,0.1-10,0.1-10,0.1-10,6.4
10-Sep,Ganga,KOSI/MAHANANDA,0.1-10,25-Nov,25-Nov,0.1-10,25-Nov,25-Nov,25-Nov,7.6
10-Sep,Ganga,BAGMATI/ADHWARA,0.1-10,25-Nov,25-Nov,0.1-10,25-Nov,25-Nov,0.1-10,4.3
10-Sep,Ganga,GANDAK,0.1-10,0.1-10,0.1-10,0.1-10,0.1-10,0.1-10,0.1-10,6.6
10-Sep,Ganga,SON,0.1-10,0.1-10,0.1-10,0.1-10,0.1-10,0.1-10,0.1-10,2.1
10-Sep,Ganga,PUNPUN/DHAB NADI,0.1-10,0.1-10,0.1-10,0.1-10,0.1-10,0.1-10,0.1-10,2.2
10-Sep,Ganga,NORTH KOEL,0.1-10,0.1-10,0.1-10,0.1-10,0.1-10,0.1-10,0.1-10,2
10-Sep,Ganga,KANHAR,0.1-10,0.1-10,0.1-10,0.1-10,0.1-10,0.1-10,0.1-10,3.3
10-Sep,Ganga,UPPER SON,0.1-10,0.1-10,0.1-10,0.1-10,0.1-10,0.1-10,0.1-10,5.2
11-Sep,Ganga,KOSI/MAHANANDA,0.1-10,25-Nov,25-Nov,25-Nov,25-Nov,25-Nov,25-Nov,6.7
11-Sep,Ganga,BAGMATI/ADHWARA,0.1-10,25-Nov,25-Nov,0.1-10,25-Nov,25-Nov,25-Nov,14.6
11-Sep,Ganga,GANDAK,25-Nov,0.1-10,25-Nov,0.1-10,25-Nov,25-Nov,25-Nov,30.8
11-Sep,Ganga,SON,0.1-10,0.1-10,0.1-10,0.1-10,0.1-10,0.1-10,0.1-10,8.4
11-Sep,Ganga,PUNPUN/DHAB NADI,25-Nov,0.1-10,0.1-10,25-Nov,25-Nov,0.1-10,0.1-10,3.4
11-Sep,Ganga,NORTH KOEL,0.1-10,25-Nov,0.1-10,0.1-10,25-Nov,25-Nov,25-Nov,4.5
11-Sep,Ganga,KANHAR,0.1-10,0.1-10,0.1-10,25-Nov,25-Nov,25-Nov,0.1-10,8.7
11-Sep,Ganga,UPPER SON,0.1-10,0.1-10,0.1-10,0.1-10,25-Nov,25-Nov,0.1-10,5.4
12-Sep,Ganga,KOSI/MAHANANDA,0.1-10,25-Nov,0.1-10,25-Nov,25-Nov,26-37,25-Nov,5
12-Sep,Ganga,BAGMATI/ADHWARA,0.1-10,25-Nov,25-Nov,25-Nov,25-Nov,25-Nov,25-Nov,3.6
12-Sep,Ganga,GANDAK,0.1-10,0.1-10,25-Nov,25-Nov,25-Nov,26-37,25-Nov,1.6
12-Sep,Ganga,SON,0.1-10,0.1-10,25-Nov,25-Nov,25-Nov,25-Nov,25-Nov,5.5
12-Sep,Ganga,PUNPUN/DHAB NADI,0.1-10,25-Nov,0.1-10,25-Nov,25-Nov,25-Nov,25-Nov,6.9
12-Sep,Ganga,NORTH KOEL,0.1-10,25-Nov,25-Nov,25-Nov,25-Nov,25-Nov,0.1-10,4.1
12-Sep,Ganga,KANHAR,0.1-10,25-Nov,0.1-10,0.1-10,25-Nov,25-Nov,0.1-10,4.3
12-Sep,Ganga,UPPER SON,0.1-10,0.1-10,0.1-10,0.1-10,25-Nov,25-Nov,0.1-10,11.2
13-Sep,Ganga,KOSI/MAHANANDA,0.1-10,25-Nov,25-Nov,25-Nov,25-Nov,25-Nov,0.1-10,5.6
13-Sep,Ganga,BAGMATI/ADHWARA,25-Nov,25-Nov,25-Nov,0.1-10,25-Nov,25-Nov,0.1-10,2.5
13-Sep,Ganga,GANDAK,0.1-10,0.1-10,0.1-10,0.1-10,25-Nov,25-Nov,25-Nov,2.4
13-Sep,Ganga,SON,0.1-10,0.1-10,0.1-10,25-Nov,0.1-10,25-Nov,0.1-10,2.5
13-Sep,Ganga,PUNPUN/DHAB NADI,0.1-10,0.1-10,25-Nov,25-Nov,25-Nov,25-Nov,0.1-10,2.2
13-Sep,Ganga,NORTH KOEL,0.1-10,25-Nov,25-Nov,25-Nov,25-Nov,25-Nov,0.1-10,3.8
13-Sep,Ganga,KANHAR,0.1-10,25-Nov,25-Nov,25-Nov,0.1-10,25-Nov,25-Nov,2.4
13-Sep,Ganga,UPPER SON,0.1-10,25-Nov,25-Nov,25-Nov,0.1-10,0.1-10,0.1-10,3.8
14-Sep,Ganga,KOSI/MAHANANDA,25-Nov,26-37,25-Nov,25-Nov,25-Nov,0.1-10,0.1-10,30.2
14-Sep,Ganga,BAGMATI/ADHWARA,25-Nov,25-Nov,25-Nov,25-Nov,25-Nov,0.1-10,0.1-10,16.7
14-Sep,Ganga,GANDAK,25-Nov,25-Nov,25-Nov,25-Nov,25-Nov,25-Nov,25-Nov,8.3
14-Sep,Ganga,SON,25-Nov,25-Nov,25-Nov,0.1-10,25-Nov,0.1-10,0.1-10,2.3
14-Sep,Ganga,PUNPUN/DHAB NADI,0.1-10,25-Nov,25-Nov,25-Nov,25-Nov,0.1-10,0.1-10,4.9
14-Sep,Ganga,NORTH KOEL,25-Nov,25-Nov,25-Nov,25-Nov,25-Nov,0.1-10,0.1-10,1.1
14-Sep,Ganga,KANHAR,25-Nov,25-Nov,25-Nov,0.1-10,25-Nov,25-Nov,25-Nov,1.4
14-Sep,Ganga,UPPER SON,25-Nov,25-Nov,25-Nov,0.1-10,0.1-10,0.1-10,25-Nov,3.2
15-Sep,Ganga,KOSI/MAHANANDA,25-Nov,25-Nov,25-Nov,0.1-10,0.1-10,25-Nov,0.1-10,6.4
15-Sep,Ganga,BAGMATI/ADHWARA,25-Nov,25-Nov,0.1-10,0.1-10,0.1-10,0.1-10,0.1-10,20.8
15-Sep,Ganga,GANDAK,25-Nov,25-Nov,25-Nov,0.1-10,0.1-10,0.1-10,0.1-10,13.6
15-Sep,Ganga,SON,25-Nov,25-Nov,25-Nov,0.1-10,0.1-10,0.1-10,0.1-10,7.6
15-Sep,Ganga,PUNPUN/DHAB NADI,25-Nov,0.1-10,25-Nov,0.1-10,0.1-10,0.1-10,0.1-10,10.2
15-Sep,Ganga,NORTH KOEL,25-Nov,25-Nov,25-Nov,0.1-10,0.1-10,25-Nov,0.1-10,13.6
15-Sep,Ganga,KANHAR,25-Nov,25-Nov,25-Nov,0.1-10,0.1-10,25-Nov,0.1-10,17.7
15-Sep,Ganga,UPPER SON,25-Nov,25-Nov,25-Nov,25-Nov,0.1-10,25-Nov,0.1-10,6.4
16-Sep,Ganga,KOSI/MAHANANDA,25-Nov,25-Nov,25-Nov,25-Nov,25-Nov,0.1-10,0.1-10,15.8
16-Sep,Ganga,BAGMATI/ADHWARA,25-Nov,0.1-10,25-Nov,0.1-10,0.1-10,0.1-10,0.1-10,8.6
16-Sep,Ganga,GANDAK,25-Nov,25-Nov,25-Nov,25-Nov,0.1-10,0.1-10,0.1-10,8.7
16-Sep,Ganga,SON,0.1-10,25-Nov,25-Nov,25-Nov,0.1-10,0.1-10,0.1-10,7.5
16-Sep,Ganga,PUNPUN/DHAB NADI,25-Nov,0.1-10,25-Nov,0.1-10,25-Nov,0.1-10,0.1-10,8.6
16-Sep,Ganga,NORTH KOEL,25-Nov,25-Nov,0.1-10,0.1-10,25-Nov,0.1-10,0.1-10,8.6
16-Sep,Ganga,KANHAR,25-Nov,25-Nov,25-Nov,0.1-10,25-Nov,0.1-10,0.1-10,25
16-Sep,Ganga,UPPER SON,0.1-10,0.1-10,0.1-10,0.1-10,25-Nov,0.1-10,0.1-10,13
17-Sep,Ganga,KOSI/MAHANANDA,25-Nov,25-Nov,25-Nov,25-Nov,0.1-10,0.1-10,0.1-10,15.6
17-Sep,Ganga,BAGMATI/ADHWARA,25-Nov,0.1-10,25-Nov,25-Nov,0.1-10,0.1-10,0.1-10,25
17-Sep,Ganga,GANDAK,25-Nov,25-Nov,25-Nov,0.1-10,0.1-10,0.1-10,0.1-10,14.9
17-Sep,Ganga,SON,0.1-10,0.1-10,0.1-10,0.1-10,0.1-10,0.1-10,0.1-10,5.4
17-Sep,Ganga,PUNPUN/DHAB NADI,0.1-10,0.1-10,0.1-10,0.1-10,0.1-10,0.1-10,0.1-10,15.8
17-Sep,Ganga,NORTH KOEL,25-Nov,0.1-10,0.1-10,0.1-10,0.1-10,0.1-10,0.1-10,5.7
17-Sep,Ganga,KANHAR,0.1-10,0.1-10,0.1-10,0.1-10,0.1-10,0.1-10,0.1-10,24.5
17-Sep,Ganga,UPPER SON,0.1-10,0.1-10,0.1-10,0.1-10,0.1-10,0.1-10,0.1-10,8.3
18-Sep,Ganga,KOSI/MAHANANDA,0.1-10,0.1-10,25-Nov,25-Nov,0.1-10,0.1-10,0.1-10,12.3
18-Sep,Ganga,BAGMATI/ADHWARA,0.1-10,0.1-10,0.1-10,0.1-10,0.1-10,0.1-10,0.1-10,18.9
18-Sep,Ganga,GANDAK,25-Nov,0.1-10,0.1-10,0.1-10,0.1-10,0.1-10,0.1-10,8.7
18-Sep,Ganga,SON,0.1-10,0.1-10,0.1-10,0.1-10,0.1-10,0.1-10,0.1-10,2.4
18-Sep,Ganga,PUNPUN/DHAB NADI,0.1-10,0.1-10,0.1-10,0.1-10,0.1-10,0.1-10,0.1-10,3.8
18-Sep,Ganga,NORTH KOEL,0.1-10,0.1-10,0.1-10,0.1-10,0.1-10,0.1-10,25-Nov,4
18-Sep,Ganga,KANHAR,0.1-10,0.1-10,0.1-10,0.1-10,0.1-10,0.1-10,25-Nov,7.1
18-Sep,Ganga,UPPER SON,0.1-10,0.1-10,0.1-10,0.1-10,0.1-10,0.1-10,25-Nov,12.5
19-Sep,Ganga,KOSI/MAHANANDA,0.1-10,0.1-10,0.1-10,0.1-10,0.1-10,0.1-10,0.1-10,12.9
19-Sep,Ganga,BAGMATI/ADHWARA,0.1-10,0.1-10,0.1-10,0.1-10,0.1-10,0.1-10,0.1-10,2.9
19-Sep,Ganga,GANDAK,25-Nov,0.1-10,0.1-10,0.1-10,0.1-10,0.1-10,0.1-10,1.7
19-Sep,Ganga,SON,0.1-10,0.1-10,0.1-10,0.1-10,0.1-10,25-Nov,0.1-10,6.3
19-Sep,Ganga,PUNPUN/DHAB NADI,0.1-10,0.1-10,0.1-10,0.1-10,0.1-10,0.1-10,0.1-10,1.4
19-Sep,Ganga,NORTH KOEL,0.1-10,0.1-10,0.1-10,0.1-10,0.1-10,25-Nov,25-Nov,6.3
19-Sep,Ganga,KANHAR,0.1-10,0.1-10,0.1-10,0.1-10,0.1-10,25-Nov,25-Nov,6.6
19-Sep,Ganga,UPPER SON,0.1-10,0.1-10,0.1-10,0.1-10,0.1-10,0.1-10,0.1-10,6.4
20-Sep,Ganga,KOSI/MAHANANDA,0.1-10,0.1-10,0.1-10,0.1-10,0.1-10,0.1-10,0.1-10,4.1
20-Sep,Ganga,BAGMATI/ADHWARA,0.1-10,0.1-10,0.1-10,0.1-10,0.1-10,0.1-10,0.1-10,16.1
20-Sep,Ganga,GANDAK,0.1-10,0.1-10,0.1-10,0.1-10,0.1-10,0.1-10,0.1-10,22.4
20-Sep,Ganga,SON,25-Nov,0.1-10,0.1-10,0.1-10,0.1-10,0.1-10,0.1-10,9
20-Sep,Ganga,PUNPUN/DHAB NADI,0.1-10,0.1-10,0.1-10,0.1-10,0.1-10,0.1-10,0.1-10,6.3
20-Sep,Ganga,NORTH KOEL,0.1-10,0.1-10,0.1-10,0.1-10,0.1-10,25-Nov,0.1-10,5.1
20-Sep,Ganga,KANHAR,0.1-10,0.1-10,0.1-10,0.1-10,0.1-10,25-Nov,25-Nov,3
20-Sep,Ganga,UPPER SON,0.1-10,0.1-10,0.1-10,0.1-10,0.1-10,25-Nov,25-Nov,2.9
21-Sep,Ganga,KOSI/MAHANANDA,0.1-10,0.1-10,0.1-10,0.1-10,25-Nov,25-Nov,0.1-10,2.8
21-Sep,Ganga,BAGMATI/ADHWARA,0.1-10,0.1-10,0.1-10,0.1-10,0.1-10,0.1-10,0.1-10,0.8
21-Sep,Ganga,GANDAK,0.1-10,0.1-10,0.1-10,0.1-10,0.1-10,0.1-10,0.1-10,4
21-Sep,Ganga,SON,0.1-10,0.1-10,0.1-10,0.1-10,0.1-10,0.1-10,0.1-10,7.3
21-Sep,Ganga,PUNPUN/DHAB NADI,0.1-10,0.1-10,0.1-10,0.1-10,0.1-10,0.1-10,0.1-10,5.1
21-Sep,Ganga,NORTH KOEL,0.1-10,0.1-10,0.1-10,0.1-10,0.1-10,0.1-10,0.1-10,0.6
21-Sep,Ganga,KANHAR,0.1-10,0.1-10,0.1-10,0.1-10,25-Nov,25-Nov,0.1-10,0.2
21-Sep,Ganga,UPPER SON,0.1-10,0.1-10,0.1-10,0.1-10,0.1-10,0.1-10,0.1-10,2.4
22-Sep,Ganga,KOSI/MAHANANDA,0.1-10,0.1-10,0.1-10,0.1-10,0.1-10,0.1-10,0.1-10,1.8
22-Sep,Ganga,BAGMATI/ADHWARA,0.1-10,0.1-10,0.1-10,0.1-10,0.1-10,0.1-10,0.1-10,0.1
22-Sep,Ganga,GANDAK,0.1-10,0.1-10,0.1-10,0.1-10,0.1-10,0.1-10,0.1-10,0.1
22-Sep,Ganga,SON,0,0.1-10,0.1-10,0.1-10,0.1-10,0.1-10,0.1-10,0
22-Sep,Ganga,PUNPUN/DHAB NADI,0.1-10,0.1-10,0.1-10,0.1-10,0.1-10,0.1-10,0.1-10,0.3
22-Sep,Ganga,NORTH KOEL,0.1-10,0.1-10,0.1-10,0.1-10,25-Nov,25-Nov,25-Nov,0.1
22-Sep,Ganga,KANHAR,0.1-10,0.1-10,0.1-10,0.1-10,25-Nov,25-Nov,0.1-10,0.1
22-Sep,Ganga,UPPER SON,0.1-10,0.1-10,0.1-10,0.1-10,0.1-10,0.1-10,25-Nov,0.2
23-Sep,Ganga,KOSI/MAHANANDA,0.1-10,0.1-10,0.1-10,0.1-10,0.1-10,0.1-10,0.1-10,5
23-Sep,Ganga,BAGMATI/ADHWARA,0.1-10,0.1-10,0.1-10,0.1-10,0.1-10,0.1-10,0.1-10,1.5
23-Sep,Ganga,GANDAK,0.1-10,0.1-10,0.1-10,0.1-10,0.1-10,0.1-10,0.1-10,1.4
23-Sep,Ganga,SON,0.1-10,0.1-10,0.1-10,0.1-10,0.1-10,0.1-10,0.1-10,0.2
23-Sep,Ganga,PUNPUN/DHAB NADI,0.1-10,0.1-10,0.1-10,0.1-10,0.1-10,0.1-10,0.1-10,3
23-Sep,Ganga,NORTH KOEL,0.1-10,25-Nov,0.1-10,0.1-10,0.1-10,0.1-10,25-Nov,0.5
23-Sep,Ganga,KANHAR,0.1-10,25-Nov,0.1-10,0.1-10,0.1-10,0.1-10,25-Nov,0.2
23-Sep,Ganga,UPPER SON,0.1-10,0.1-10,0.1-10,0.1-10,0.1-10,0.1-10,0.1-10,0.4
24-Sep,Ganga,KOSI/MAHANANDA,0.1-10,0.1-10,0.1-10,0.1-10,0.1-10,0.1-10,25-Nov,0.3
24-Sep,Ganga,BAGMATI/ADHWARA,0.1-10,0.1-10,0.1-10,0.1-10,0.1-10,0.1-10,0.1-10,1.5
24-Sep,Ganga,GANDAK,0.1-10,0.1-10,0.1-10,0.1-10,0.1-10,0.1-10,0.1-10,2.6
24-Sep,Ganga,SON,0.1-10,0.1-10,0.1-10,0.1-10,0.1-10,0.1-10,0.1-10,6.3
24-Sep,Ganga,PUNPUN/DHAB NADI,0.1-10,0.1-10,0.1-10,0.1-10,0.1-10,0.1-10,0.1-10,6.2
24-Sep,Ganga,NORTH KOEL,0.1-10,0.1-10,0.1-10,0.1-10,0.1-10,0.1-10,0.1-10,4.5
24-Sep,Ganga,KANHAR,25-Nov,0.1-10,25-Nov,0.1-10,0.1-10,25-Nov,25-Nov,15.4
24-Sep,Ganga,UPPER SON,25-Nov,0.1-10,0.1-10,0.1-10,0.1-10,0.1-10,25-Nov,7.1
25-Sep,Ganga,KOSI/MAHANANDA,0.1-10,0.1-10,0.1-10,0.1-10,0.1-10,0.1-10,0.1-10,0.5
25-Sep,Ganga,BAGMATI/ADHWARA,0.1-10,0.1-10,0.1-10,0.1-10,0.1-10,0.1-10,0.1-10,0.2
25-Sep,Ganga,GANDAK,0.1-10,0.1-10,0.1-10,0.1-10,0.1-10,0.1-10,0.1-10,6.4
25-Sep,Ganga,SON,0.1-10,0.1-10,0.1-10,0.1-10,0.1-10,0.1-10,0.1-10,1.9
25-Sep,Ganga,PUNPUN/DHAB NADI,0.1-10,0.1-10,0.1-10,0.1-10,0.1-10,0.1-10,0.1-10,1.2
25-Sep,Ganga,NORTH KOEL,0.1-10,0.1-10,0.1-10,0.1-10,0.1-10,0.1-10,0.1-10,1
25-Sep,Ganga,KANHAR,0.1-10,25-Nov,0.1-10,0.1-10,0.1-10,0.1-10,25-Nov,3.7
25-Sep,Ganga,UPPER SON,0.1-10,0.1-10,0.1-10,0.1-10,0.1-10,0.1-10,25-Nov,9
26-Sep,Ganga,KOSI/MAHANANDA,0.1-10,0.1-10,0.1-10,0.1-10,0.1-10,25-Nov,0.1-10,0.8
26-Sep,Ganga,BAGMATI/ADHWARA,0.1-10,0.1-10,0.1-10,0.1-10,0.1-10,25-Nov,0.1-10,0
26-Sep,Ganga,GANDAK,0.1-10,0.1-10,0.1-10,0.1-10,0.1-10,25-Nov,0.1-10,0
26-Sep,Ganga,SON,0.1-10,0.1-10,0.1-10,0.1-10,0.1-10,0.1-10,0.1-10,4.8
26-Sep,Ganga,PUNPUN/DHAB NADI,0.1-10,0.1-10,0.1-10,0.1-10,0.1-10,0.1-10,0.1-10,3.1
26-Sep,Ganga,NORTH KOEL,25-Nov,0.1-10,0.1-10,0.1-10,0.1-10,0.1-10,25-Nov,4.7
26-Sep,Ganga,KANHAR,25-Nov,0.1-10,0.1-10,0.1-10,25-Nov,0.1-10,0.1-10,2
26-Sep,Ganga,UPPER SON,25-Nov,0.1-10,0.1-10,0.1-10,25-Nov,25-Nov,25-Nov,1.6
27-Sep,Ganga,KOSI/MAHANANDA,0.1-10,0.1-10,0.1-10,0.1-10,25-Nov,25-Nov,25-Nov,0.5
27-Sep,Ganga,BAGMATI/ADHWARA,0.1-10,0.1-10,0.1-10,0.1-10,25-Nov,25-Nov,25-Nov,0.2
27-Sep,Ganga,GANDAK,0.1-10,0.1-10,0.1-10,0.1-10,25-Nov,0.1-10,25-Nov,0.8
27-Sep,Ganga,SON,0.1-10,0.1-10,0.1-10,0.1-10,0.1-10,0.1-10,25-Nov,10.1
27-Sep,Ganga,PUNPUN/DHAB NADI,0.1-10,0.1-10,0.1-10,0.1-10,0.1-10,0.1-10,25-Nov,6.1
27-Sep,Ganga,NORTH KOEL,0.1-10,0.1-10,0.1-10,0.1-10,0.1-10,25-Nov,25-Nov,16.3
27-Sep,Ganga,KANHAR,0.1-10,0.1-10,0.1-10,0.1-10,0.1-10,0.1-10,25-Nov,18.8
27-Sep,Ganga,UPPER SON,0.1-10,0.1-10,0.1-10,0.1-10,0.1-10,0.1-10,25-Nov,8.5
28-Sep,Ganga,KOSI/MAHANANDA,0.1-10,0.1-10,0.1-10,25-Nov,25-Nov,51-75,51-75,0.4
28-Sep,Ganga,BAGMATI/ADHWARA,0.1-10,0.1-10,0.1-10,25-Nov,25-Nov,51-75,51-75,0.2
28-Sep,Ganga,GANDAK,0.1-10,0.1-10,0.1-10,25-Nov,0.1-10,38-50,51-75,1.1
28-Sep,Ganga,SON,0.1-10,0.1-10,0.1-10,0.1-10,0.1-10,25-Nov,38-50,0.5
28-Sep,Ganga,PUNPUN/DHAB NADI,0.1-10,0.1-10,0.1-10,0.1-10,0.1-10,25-Nov,25-Nov,1.2
28-Sep,Ganga,NORTH KOEL,0.1-10,0.1-10,0.1-10,0.1-10,0.1-10,25-Nov,25-Nov,1.4
28-Sep,Ganga,KANHAR,0.1-10,0.1-10,25-Nov,0.1-10,0.1-10,25-Nov,25-Nov,1.5
28-Sep,Ganga,UPPER SON,0.1-10,0.1-10,0.1-10,0.1-10,0.1-10,25-Nov,25-Nov,7.7
29-Sep,Ganga,KOSI/MAHANANDA,0.1-10,0.1-10,25-Nov,25-Nov,38-50,51-75,38-50,0.2
29-Sep,Ganga,BAGMATI/ADHWARA,0.1-10,0.1-10,25-Nov,25-Nov,38-50,38-50,38-50,0.1
29-Sep,Ganga,GANDAK,0.1-10,0.1-10,25-Nov,0.1-10,26-37,38-50,26-37,0.1
29-Sep,Ganga,SON,0.1-10,0.1-10,0.1-10,0.1-10,26-37,26-37,26-37,0.1
29-Sep,Ganga,PUNPUN/DHAB NADI,0.1-10,0.1-10,0.1-10,0.1-10,26-37,26-37,26-37,0.6
29-Sep,Ganga,NORTH KOEL,0.1-10,25-Nov,0.1-10,0.1-10,25-Nov,25-Nov,25-Nov,0.6
29-Sep,Ganga,KANHAR,0.1-10,25-Nov,0.1-10,0.1-10,0.1-10,0.1-10,25-Nov,0.9
29-Sep,Ganga,UPPER SON,0.1-10,0.1-10,0.1-10,0.1-10,0.1-10,0.1-10,0.1-10,0.9
30-Sep,Ganga,KOSI/MAHANANDA,0.1-10,25-Nov,25-Nov,26-37,38-50,26-37,0.1-10,0.2
30-Sep,Ganga,BAGMATI/ADHWARA,0.1-10,25-Nov,25-Nov,26-37,38-50,26-37,0.1-10,0.2
30-Sep,Ganga,GANDAK,0.1-10,0.1-10,0.1-10,26-37,38-50,26-37,25-Nov,0.3
30-Sep,Ganga,SON,0.1-10,0.1-10,0.1-10,25-Nov,25-Nov,25-Nov,0.1-10,0
30-Sep,Ganga,PUNPUN/DHAB NADI,0.1-10,0.1-10,0.1-10,25-Nov,25-Nov,25-Nov,0.1-10,0.1
30-Sep,Ganga,NORTH KOEL,0.1-10,0.1-10,0.1-10,25-Nov,25-Nov,25-Nov,0.1-10,0.3
30-Sep,Ganga,KANHAR,0.1-10,0.1-10,0.1-10,25-Nov,25-Nov,25-Nov,0.1-10,0.8
30-Sep,Ganga,UPPER SON,0.1-10,0.1-10,25-Nov,25-Nov,25-Nov,25-Nov,0.1-10,0.9
01-Oct,Ganga,KOSI/MAHANANDA,25-Nov,25-Nov,26-37,26-37,25-Nov,25-Nov,0.1-10,9
01-Oct,Ganga,BAGMATI/ADHWARA,0.1-10,0.1-10,25-Nov,38-50,38-50,0.1-10,0.1-10,3.6
01-Oct,Ganga,GANDAK,0.1-10,0.1-10,0.1-10,38-50,38-50,25-Nov,25-Nov,1.4
01-Oct,Ganga,SON,0.1-10,0.1-10,0.1-10,26-37,26-37,0.1-10,0.1-10,4.2
01-Oct,Ganga,PUNPUN/DHAB NADI,0.1-10,0.1-10,0.1-10,26-37,26-37,0.1-10,0.1-10,0.8
01-Oct,Ganga,NORTH KOEL,0.1-10,0.1-10,25-Nov,25-Nov,25-Nov,0.1-10,0.1-10,3
01-Oct,Ganga,KANHAR,0.1-10,0.1-10,26-37,25-Nov,25-Nov,0.1-10,0.1-10,9.9
01-Oct,Ganga,UPPER SON,0.1-10,0.1-10,26-37,0.1-10,25-Nov,25-Nov,0.1-10,7
02-Oct,Ganga,KOSI/MAHANANDA,25-Nov,25-Nov,25-Nov,25-Nov,0.1-10,0.1-10,0.1-10,4.4
02-Oct,Ganga,BAGMATI/ADHWARA,25-Nov,26-37,38-50,26-37,0.1-10,0.1-10,0.1-10,50.8
02-Oct,Ganga,GANDAK,25-Nov,26-37,38-50,26-37,25-Nov,0.1-10,0.1-10,28.8
02-Oct,Ganga,SON,0.1-10,26-37,38-50,25-Nov,0.1-10,0.1-10,0.1-10,5
02-Oct,Ganga,PUNPUN/DHAB NADI,0.1-10,25-Nov,25-Nov,25-Nov,0.1-10,0.1-10,0.1-10,15.2
02-Oct,Ganga,NORTH KOEL,25-Nov,38-50,25-Nov,0.1-10,0.1-10,0.1-10,0.1-10,2.8
02-Oct,Ganga,KANHAR,25-Nov,38-50,25-Nov,0.1-10,0.1-10,0.1-10,0.1-10,7.2
02-Oct,Ganga,UPPER SON,0.1-10,26-37,25-Nov,0.1-10,0.1-10,0.1-10,0.1-10,15.9
03-Oct,Ganga,KOSI/MAHANANDA,0.1-10,25-Nov,26-37,0.1-10,0.1-10,0.1-10,0.1-10,5.2
03-Oct,Ganga,BAGMATI/ADHWARA,25-Nov,51-75,25-Nov,0.1-10,0.1-10,0.1-10,0.1-10,4.7
03-Oct,Ganga,GANDAK,25-Nov,38-50,25-Nov,0.1-10,0.1-10,0.1-10,0.1-10,3.7
03-Oct,Ganga,SON,25-Nov,26-37,0.1-10,0.1-10,0.1-10,0.1-10,0.1-10,5.6
03-Oct,Ganga,PUNPUN/DHAB NADI,25-Nov,26-37,0.1-10,0.1-10,0.1-10,0.1-10,0.1-10,8.7
03-Oct,Ganga,NORTH KOEL,25-Nov,25-Nov,0.1-10,0.1-10,0.1-10,0.1-10,0.1-10,4.9
03-Oct,Ganga,KANHAR,26-37,0.1-10,0.1-10,0.1-10,0.1-10,0.1-10,0.1-10,5.2
03-Oct,Ganga,UPPER SON,26-37,0.1-10,0.1-10,0.1-10,0.1-10,0.1-10,0.1-10,1.8
04-Oct,Ganga,KOSI/MAHANANDA,38-50,26-37,0.1-10,0.1-10,0.1-10,0.1-10,0.1-10,5.1
04-Oct,Ganga,BAGMATI/ADHWARA,76-100,25-Nov,0.1-10,0.1-10,0.1-10,0,0,15.8
04-Oct,Ganga,GANDAK,76-100,25-Nov,0.1-10,0.1-10,0.1-10,0,0,84.1
04-Oct,Ganga,SON,26-37,0.1-10,0.1-10,0.1-10,0.1-10,0,0,115.6
04-Oct,Ganga,PUNPUN/DHAB NADI,26-37,0.1-10,0.1-10,0.1-10,0.1-10,0,0,9.4
04-Oct,Ganga,NORTH KOEL,25-Nov,0.1-10,0.1-10,0.1-10,0.1-10,0,0,16.7
04-Oct,Ganga,KANHAR,25-Nov,0.1-10,0.1-10,0.1-10,0.1-10,0,0,49.2
04-Oct,Ganga,UPPER SON,0.1-10,0.1-10,0.1-10,0.1-10,0.1-10,0,0,29.9
05-Oct,Ganga,KOSI/MAHANANDA,25-Nov,0.1-10,0.1-10,0.1-10,0.1-10,0.1-10,0.1-10,86.2
05-Oct,Ganga,BAGMATI/ADHWARA,0.1-10,0.1-10,0.1-10,0.1-10,0.1-10,0,0,96.3
05-Oct,Ganga,GANDAK,0.1-10,0.1-10,0.1-10,0.1-10,0.1-10,0,0,107.7
05-Oct,Ganga,SON,0.1-10,0.1-10,0.1-10,0.1-10,0,0,0,9.9
05-Oct,Ganga,PUNPUN/DHAB NADI,0.1-10,0.1-10,0.1-10,0.1-10,0.1-10,0,0,9.8
05-Oct,Ganga,NORTH KOEL,0.1-10,0.1-10,0.1-10,0.1-10,0,0,0,1.8
05-Oct,Ganga,KANHAR,0.1-10,0.1-10,0.1-10,0.1-10,0,0,0,8.5
05-Oct,Ganga,UPPER SON,0.1-10,0.1-10,0.1-10,0.1-10,0.1-10,0,0,5.4
06-Oct,Ganga,KOSI/MAHANANDA,0.1-10,0.1-10,0.1-10,0.1-10,0.1-10,0.1-10,0.1-10,8
06-Oct,Ganga,BAGMATI/ADHWARA,0.1-10,0.1-10,0.1-10,0.1-10,0,0,0,2.3
06-Oct,Ganga,GANDAK,0.1-10,0.1-10,0.1-10,0.1-10,0,0,0,0.6
06-Oct,Ganga,SON,0.1-10,0.1-10,0.1-10,0,0,0,0,0.3
06-Oct,Ganga,PUNPUN/DHAB NADI,0.1-10,0.1-10,0.1-10,0.1-10,0.1-10,0.1-10,0,0.8
06-Oct,Ganga,NORTH KOEL,0.1-10,0.1-10,0.1-10,0,0,0,0,1.1
06-Oct,Ganga,KANHAR,0.1-10,0.1-10,0.1-10,0.1-10,0,0,0,0.4
06-Oct,Ganga,UPPER SON,0.1-10,0.1-10,0.1-10,0.1-10,0,0,0,1.9
07-Oct,Ganga,KOSI/MAHANANDA,0.1-10,0.1-10,0.1-10,0.1-10,0.1-10,0,0,1.5
07-Oct,Ganga,BAGMATI/ADHWARA,0.1-10,0.1-10,0.1-10,0,0,0,0,0.1
07-Oct,Ganga,GANDAK,0.1-10,0.1-10,0.1-10,0,0,0,0,0.4
07-Oct,Ganga,SON,0.1-10,0.1-10,0.1-10,0,0,0,0,0.6
07-Oct,Ganga,PUNPUN/DHAB NADI,0.1-10,0.1-10,0.1-10,0,0,0,0,0.3
07-Oct,Ganga,NORTH KOEL,0.1-10,0.1-10,0.1-10,0,0,0,0.1-10,0.3
07-Oct,Ganga,KANHAR,0.1-10,0.1-10,0.1-10,0.1-10,0.1-10,0.1-10,0.1-10,0.3
07-Oct,Ganga,UPPER SON,0.1-10,0.1-10,0.1-10,0,0,0,0,0.9
08-Oct,Ganga,KOSI/MAHANANDA,0.1-10,0.1-10,0.1-10,0,0,0,0,0.9
08-Oct,Ganga,BAGMATI/ADHWARA,0.1-10,0.1-10,0.1-10,0,0,0,0,0.5
08-Oct,Ganga,GANDAK,0.1-10,0,0.1-10,0,0,0,0,0
08-Oct,Ganga,SON,0.1-10,0,0,0,0,0,0,1.9
08-Oct,Ganga,PUNPUN/DHAB NADI,0.1-10,0.1-10,0.1-10,0,0,0,0,0.3
08-Oct,Ganga,NORTH KOEL,0.1-10,0.1-10,0.1-10,0,0.1-10,0.1-10,0.1-10,0.3
08-Oct,Ganga,KANHAR,0.1-10,0.1-10,0.1-10,0.1-10,0.1-10,0.1-10,0.1-10,1.4
08-Oct,Ganga,UPPER SON,0.1-10,0.1-10,0.1-10,0,0,0,0,3.7
09-Oct,Ganga,KOSI/MAHANANDA,0.1-10,0.1-10,0,0,0,0,0,1.2
09-Oct,Ganga,BAGMATI/ADHWARA,0,0,0,0,0,0,0,0.2
09-Oct,Ganga,GANDAK,0,0,0,0,0,0,0,0.8
09-Oct,Ganga,SON,0.1-10,0,0,0,0,0,0,1.4
09-Oct,Ganga,PUNPUN/DHAB NADI,0.1-10,0,0,0,0,0,0,0.6
09-Oct,Ganga,NORTH KOEL,0.1-10,0.1-10,0.1-10,0.1-10,0.1-10,0.1-10,0.1-10,0.5
09-Oct,Ganga,KANHAR,0.1-10,0.1-10,0.1-10,0.1-10,0.1-10,0.1-10,0.1-10,0.5
09-Oct,Ganga,UPPER SON,0.1-10,0,0,0,0,0,0.1-10,2.2
10-Oct,Ganga,KOSI/MAHANANDA,0.1-10,0.1-10,0,0,0,0,0,0.3
10-Oct,Ganga,BAGMATI/ADHWARA,0.1-10,0,0,0,0,0,0,0.5
10-Oct,Ganga,GANDAK,0,0,0,0,0,0,0,0.1
10-Oct,Ganga,SON,0.1-10,0.1-10,0,0,0,0,0,0.6
10-Oct,Ganga,PUNPUN/DHAB NADI,0.1-10,0.1-10,0,0,0,0,0,0.2
10-Oct,Ganga,NORTH KOEL,0.1-10,0.1-10,0.1-10,0.1-10,0.1-10,0,0,0.6
10-Oct,Ganga,KANHAR,0.1-10,0.1-10,0.1-10,0.1-10,0.1-10,0,0,0.8
10-Oct,Ganga,UPPER SON,0.1-10,0.1-10,0.1-10,0.1-10,0,0,0,1.3
11-Oct,Ganga,KOSI/MAHANANDA,0,0,0,0,0,0,0,0
11-Oct,Ganga,BAGMATI/ADHWARA,0,0,0,0,0,0,0,0
11-Oct,Ganga,GANDAK,0,0,0,0,0,0,0,0
11-Oct,Ganga,SON,0.1-10,0,0,0,0,0,0,0
11-Oct,Ganga,PUNPUN/DHAB NADI,0.1-10,0,0,0,0,0,0,0
11-Oct,Ganga,NORTH KOEL,0.1-10,0,0,0.1-10,0.1-10,0.1-10,0.1-10,0.3
11-Oct,Ganga,KANHAR,0.1-10,0.1-10,0.1-10,0.1-10,0.1-10,0.1-10,0.1-10,0.1
11-Oct,Ganga,UPPER SON,0.1-10,0.1-10,0.1-10,0.1-10,0.1-10,0.1-10,0.1-10,3.7
12-Oct,Ganga,KOSI/MAHANANDA,0,0,0,0,0,0,0,0
12-Oct,Ganga,BAGMATI/ADHWARA,0,0,0,0,0,0,0,0
12-Oct,Ganga,GANDAK,0,0,0,0,0,0,0,0
12-Oct,Ganga,SON,0,0,0,0,0,0,0,0.4
12-Oct,Ganga,PUNPUN/DHAB NADI,0,0,0,0,0,0,0,0
12-Oct,Ganga,NORTH KOEL,0.1-10,0,0.1-10,0.1-10,0.1-10,0.1-10,0,0.2
12-Oct,Ganga,KANHAR,0.1-10,0.1-10,0.1-10,0.1-10,0.1-10,0.1-10,0,0.5
12-Oct,Ganga,UPPER SON,0.1-10,0.1-10,0.1-10,0.1-10,0.1-10,0.1-10,0,2.8
13-Oct,Ganga,KOSI/MAHANANDA,0,0,0,0,0,0,0,0
13-Oct,Ganga,BAGMATI/ADHWARA,0,0,0,0,0,0,0,0
13-Oct,Ganga,GANDAK,0,0,0,0,0,0,0,0
13-Oct,Ganga,SON,0,0,0,0,0,0,0,0
13-Oct,Ganga,PUNPUN/DHAB NADI,0,0,0,0,0,0,0,0
13-Oct,Ganga,NORTH KOEL,0,0,0,0,0,0,0,0
13-Oct,Ganga,KANHAR,0,0,0,0,0,0,0,0
13-Oct,Ganga,UPPER SON,0,0,0,0.1-10,0,0,0,0
14-Oct,Ganga,KOSI/MAHANANDA,0,0,0,0,0,0,0,0
14-Oct,Ganga,BAGMATI/ADHWARA,0,0,0,0,0,0,0,0
14-Oct,Ganga,GANDAK,0,0,0,0,0,0,0,0
14-Oct,Ganga,SON,0,0,0,0,0,0,0,0
14-Oct,Ganga,PUNPUN/DHAB NADI,0,0,0,0,0,0,0,0
14-Oct,Ganga,NORTH KOEL,0,0,0,0,0,0,0,0
14-Oct,Ganga,KANHAR,0,0,0,0,0,0,0,0
14-Oct,Ganga,UPPER SON,0,0,0,0,0,0,0,0
15-Oct,Ganga,KOSI/MAHANANDA,0,0,0,0,0,0,0,0
15-Oct,Ganga,BAGMATI/ADHWARA,0,0,0,0,0,0,0,0
15-Oct,Ganga,GANDAK,0,0,0,0,0,0,0,0
15-Oct,Ganga,SON,0,0,0,0,0,0,0,0
15-Oct,Ganga,PUNPUN/DHAB NADI,0,0,0,0,0,0,0,0
15-Oct,Ganga,NORTH KOEL,0,0,0,0,0,0,0,0
15-Oct,Ganga,KANHAR,0,0,0,0,0,0,0,0
15-Oct,Ganga,UPPER SON,0,0,0,0,0,0,0,0
16-Oct,Ganga,KOSI/MAHANANDA,0,0,0,0,0,0,0,0
16-Oct,Ganga,BAGMATI/ADHWARA,0,0,0,0,0,0,0,0
16-Oct,Ganga,GANDAK,0,0,0,0,0,0,0,0
16-Oct,Ganga,SON,0,0,0,0,0,0,0,0
16-Oct,Ganga,PUNPUN/DHAB NADI,0,0,0,0,0,0,0,0
16-Oct,Ganga,NORTH KOEL,0,0,0,0,0,0,0,0
16-Oct,Ganga,KANHAR,0,0,0,0,0,0,0,0
16-Oct,Ganga,UPPER SON,0,0,0,0,0,0,0,0
17-Oct,Ganga,KOSI/MAHANANDA,0,0,0,0,0,0,0,0
17-Oct,Ganga,BAGMATI/ADHWARA,0,0,0,0,0,0,0,0
17-Oct,Ganga,GANDAK,0,0,0,0,0,0,0,0
17-Oct,Ganga,SON,0,0,0,0,0,0,0,0
17-Oct,Ganga,PUNPUN/DHAB NADI,0,0,0,0,0,0,0,0
17-Oct,Ganga,NORTH KOEL,0,0,0,0,0,0,0,0
17-Oct,Ganga,KANHAR,0,0,0,0,0,0,0,0
17-Oct,Ganga,UPPER SON,0,0,0,0,0,0,0,0
18-Oct,Ganga,KOSI/MAHANANDA,0,0,0,0,0,0,0,0
18-Oct,Ganga,BAGMATI/ADHWARA,0,0,0,0,0,0,0,0
18-Oct,Ganga,GANDAK,0,0,0,0,0,0,0,0
18-Oct,Ganga,SON,0,0,0,0,0,0,0,0
18-Oct,Ganga,PUNPUN/DHAB NADI,0,0,0,0,0,0,0,0
18-Oct,Ganga,NORTH KOEL,0,0,0,0,0,0,0.1-10,0
18-Oct,Ganga,KANHAR,0,0,0,0,0.1-10,0.1-10,0.1-10,0
18-Oct,Ganga,UPPER SON,0,0,0,0,0.1-10,0.1-10,0.1-10,0
19-Oct,Ganga,KOSI/MAHANANDA,0,0,0,0,0,0,0,0
19-Oct,Ganga,BAGMATI/ADHWARA,0,0,0,0,0,0,0,0
19-Oct,Ganga,GANDAK,0,0,0,0,0,0,0,0
19-Oct,Ganga,SON,0,0,0,0,0,0,0,0
19-Oct,Ganga,PUNPUN/DHAB NADI,0,0,0,0,0,0,0,0
19-Oct,Ganga,NORTH KOEL,0,0,0,0.1-10,0.1-10,0,0.1-10,0
19-Oct,Ganga,KANHAR,0,0,0.1-10,0.1-10,0.1-10,0.1-10,0.1-10,0
19-Oct,Ganga,UPPER SON,0,0,0.1-10,0.1-10,0.1-10,0,0,0
20-Oct,Ganga,KOSI/MAHANANDA,0,0,0,0,0,0,0.1-10,0
20-Oct,Ganga,BAGMATI/ADHWARA,0,0,0,0,0,0,0,0
20-Oct,Ganga,GANDAK,0,0,0,0,0,0,0,0
20-Oct,Ganga,SON,0,0,0,0,0,0,0,0
20-Oct,Ganga,PUNPUN/DHAB NADI,0,0,0,0.1-10,0.1-10,0.1-10,0.1-10,0
20-Oct,Ganga,NORTH KOEL,0,0,0,0.1-10,0.1-10,0.1-10,0.1-10,0
20-Oct,Ganga,KANHAR,0,0,0,0.1-10,0.1-10,0.1-10,0.1-10,0
20-Oct,Ganga,UPPER SON,0.1-10,0.1-10,0,0.1-10,0.1-10,0.1-10,0.1-10,0
21-Oct,Ganga,KOSI/MAHANANDA,0,0,0,0,0,0.1-10,0.1-10,0
21-Oct,Ganga,BAGMATI/ADHWARA,0,0,0,0,0,0,0,0
21-Oct,Ganga,GANDAK,0,0,0,0,0,0,0,0
21-Oct,Ganga,SON,0,0,0,0,0,0,0,0
21-Oct,Ganga,PUNPUN/DHAB NADI,0,0,0,0,0,0.1-10,0.1-10,0
21-Oct,Ganga,NORTH KOEL,0,0,0,0,0.1-10,0,0.1-10,0
21-Oct,Ganga,KANHAR,0,0,0,0.1-10,0.1-10,0,0.1-10,0
21-Oct,Ganga,UPPER SON,0,0,0,0.1-10,0.1-10,0.1-10,0,0
22-Oct,Ganga,KOSI/MAHANANDA,0,0,0,0,0.1-10,0,0.1-10,0
22-Oct,Ganga,BAGMATI/ADHWARA,0,0,0,0,0,0,0,0
22-Oct,Ganga,GANDAK,0,0,0,0,0,0,0,0
22-Oct,Ganga,SON,0,0,0,0,0,0,0,0
22-Oct,Ganga,PUNPUN/DHAB NADI,0,0,0,0,0,0,0,0
22-Oct,Ganga,NORTH KOEL,0,0,0,0,0.1-10,0,0,0
22-Oct,Ganga,KANHAR,0,0,0,0.1-10,0.1-10,0,0,0
22-Oct,Ganga,UPPER SON,0,0,0,0.1-10,0.1-10,0.1-10,0,0.2
23-Oct,Ganga,KOSI/MAHANANDA,0,0,0,0,0,0.1-10,0.1-10,0
23-Oct,Ganga,BAGMATI/ADHWARA,0,0,0,0,0,0,0.1-10,0
23-Oct,Ganga,GANDAK,0,0,0,0,0,0,0.1-10,0
23-Oct,Ganga,SON,0,0,0,0,0,0.1-10,0.1-10,0
23-Oct,Ganga,PUNPUN/DHAB NADI,0,0,0,0,0,0.1-10,0.1-10,0
23-Oct,Ganga,NORTH KOEL,0,0,0,0.1-10,0,0.1-10,0.1-10,0
23-Oct,Ganga,KANHAR,0,0,0,0.1-10,0.1-10,0.1-10,0.1-10,0
23-Oct,Ganga,UPPER SON,0.1-10,0.1-10,0.1-10,0.1-10,0.1-10,0.1-10,0.1-10,1
24-Oct,Ganga,KOSI/MAHANANDA,0,0,0,0,0,25-Nov,25-Nov,0
24-Oct,Ganga,BAGMATI/ADHWARA,0,0,0,0,0,0.1-10,25-Nov,0
24-Oct,Ganga,GANDAK,0,0,0,0.1-10,0.1-10,0.1-10,0.1-10,0
24-Oct,Ganga,SON,0,0,0,0,0.1-10,0.1-10,0.1-10,0
24-Oct,Ganga,PUNPUN/DHAB NADI,0,0,0,0,0.1-10,25-Nov,0.1-10,0
24-Oct,Ganga,NORTH KOEL,0,0,0,0,0.1-10,25-Nov,0.1-10,0
24-Oct,Ganga,KANHAR,0,0.1-10,0.1-10,0,0.1-10,25-Nov,0.1-10,0
24-Oct,Ganga,UPPER SON,0,0.1-10,0.1-10,0.1-10,0.1-10,0.1-10,0.1-10,0
25-Oct,Ganga,KOSI/MAHANANDA,0,0,0,0,25-Nov,25-Nov,25-Nov,0
25-Oct,Ganga,BAGMATI/ADHWARA,0,0,0,0,0.1-10,25-Nov,25-Nov,0
25-Oct,Ganga,GANDAK,0,0,0,0,0.1-10,25-Nov,25-Nov,0
25-Oct,Ganga,SON,0,0,0,0,0.1-10,0.1-10,0.1-10,0
25-Oct,Ganga,PUNPUN/DHAB NADI,0,0,0,0,0.1-10,0.1-10,0.1-10,0
25-Oct,Ganga,NORTH KOEL,0,0,0,0.1-10,0.1-10,0.1-10,0.1-10,0
25-Oct,Ganga,KANHAR,0.1-10,0.1-10,0.1-10,0.1-10,0.1-10,0.1-10,0.1-10,0
25-Oct,Ganga,UPPER SON,0.1-10,0.1-10,0.1-10,0.1-10,0.1-10,0.1-10,0.1-10,0
26-Oct,Ganga,KOSI/MAHANANDA,0,0,0.1-10,0.1-10,25-Nov,25-Nov,0.1-10,0.7
26-Oct,Ganga,BAGMATI/ADHWARA,0,0,0.1-10,0.1-10,25-Nov,25-Nov,0.1-10,0
26-Oct,Ganga,GANDAK,0,0,0,0.1-10,25-Nov,0.1-10,0,0
26-Oct,Ganga,SON,0,0,0,0.1-10,25-Nov,0.1-10,0,0
26-Oct,Ganga,PUNPUN/DHAB NADI,0.1-10,0,0.1-10,0.1-10,25-Nov,0.1-10,0,0.2
26-Oct,Ganga,NORTH KOEL,0.1-10,0.1-10,0.1-10,25-Nov,25-Nov,0.1-10,0,0.3
26-Oct,Ganga,KANHAR,0.1-10,0.1-10,0.1-10,25-Nov,25-Nov,0.1-10,0,0.1
26-Oct,Ganga,UPPER SON,0.1-10,0.1-10,0.1-10,25-Nov,25-Nov,0.1-10,0,0.5
27-Oct,Ganga,KOSI/MAHANANDA,0.1-10,0.1-10,0.1-10,25-Nov,26-37,25-Nov,0.1-10,0
27-Oct,Ganga,BAGMATI/ADHWARA,0,0.1-10,0.1-10,25-Nov,26-37,0.1-10,0.1-10,0
27-Oct,Ganga,GANDAK,0,0.1-10,0.1-10,25-Nov,26-37,0.1-10,0,0
27-Oct,Ganga,SON,0.1-10,0.1-10,25-Nov,26-37,25-Nov,0,0,0
27-Oct,Ganga,PUNPUN/DHAB NADI,0.1-10,0.1-10,25-Nov,26-37,25-Nov,0.1-10,0,0
27-Oct,Ganga,NORTH KOEL,0.1-10,0.1-10,0.1-10,25-Nov,0.1-10,0,0,0
27-Oct,Ganga,KANHAR,0.1-10,0.1-10,0.1-10,25-Nov,0.1-10,0,0,0.1
27-Oct,Ganga,UPPER SON,0.1-10,0.1-10,0.1-10,25-Nov,0.1-10,0,0,2.7
28-Oct,Ganga,KOSI/MAHANANDA,0,25-Nov,25-Nov,26-37,25-Nov,0.1-10,0,0
28-Oct,Ganga,BAGMATI/ADHWARA,0.1-10,0.1-10,25-Nov,26-37,25-Nov,0.1-10,0,0
28-Oct,Ganga,GANDAK,0.1-10,0.1-10,25-Nov,26-37,0.1-10,0,0,0
28-Oct,Ganga,SON,0.1-10,25-Nov,26-37,25-Nov,0,0,0,0.1
28-Oct,Ganga,PUNPUN/DHAB NADI,0.1-10,25-Nov,26-37,25-Nov,0.1-10,0,0,0
28-Oct,Ganga,NORTH KOEL,0.1-10,25-Nov,25-Nov,0.1-10,0,0,0,0
28-Oct,Ganga,KANHAR,0.1-10,25-Nov,25-Nov,0.1-10,0,0,0,0.1
28-Oct,Ganga,UPPER SON,0.1-10,0.1-10,25-Nov,0.1-10,0,0,0,5.2
29-Oct,Ganga,KOSI/MAHANANDA,,,,,,,,
29-Oct,Ganga,BAGMATI/ADHWARA,,,,,,,,
29-Oct,Ganga,GANDAK,,,,,,,,
29-Oct,Ganga,SON,,,,,,,,
29-Oct,Ganga,PUNPUN/DHAB NADI,,,,,,,,
29-Oct,Ganga,NORTH KOEL,,,,,,,,
29-Oct,Ganga,KANHAR,,,,,,,,
29-Oct,Ganga,UPPER SON,,,,,,,,
30-Oct,Ganga,KOSI/MAHANANDA,,,,,,,,
30-Oct,Ganga,BAGMATI/ADHWARA,,,,,,,,
30-Oct,Ganga,GANDAK,,,,,,,,
30-Oct,Ganga,SON,,,,,,,,
30-Oct,Ganga,PUNPUN/DHAB NADI,,,,,,,,
30-Oct,Ganga,NORTH KOEL,,,,,,,,
30-Oct,Ganga,KANHAR,,,,,,,,
30-Oct,Ganga,UPPER SON,,,,,,,,
31-Oct,Ganga,KOSI/MAHANANDA,,,,,,,,
31-Oct,Ganga,BAGMATI/ADHWARA,,,,,,,,
31-Oct,Ganga,GANDAK,,,,,,,,
31-Oct,Ganga,SON,,,,,,,,
31-Oct,Ganga,PUNPUN/DHAB NADI,,,,,,,,
31-Oct,Ganga,NORTH KOEL,,,,,,,,
31-Oct,Ganga,KANHAR,,,,,,,,
31-Oct,Ganga,UPPER SON,,,,,,,,
01-Nov,Ganga,KOSI/MAHANANDA,,,,,,,,
01-Nov,Ganga,BAGMATI/ADHWARA,,,,,,,,
01-Nov,Ganga,GANDAK,,,,,,,,
01-Nov,Ganga,SON,,,,,,,,
01-Nov,Ganga,PUNPUN/DHAB NADI,,,,,,,,
01-Nov,Ganga,NORTH KOEL,,,,,,,,
01-Nov,Ganga,KANHAR,,,,,,,,
01-Nov,Ganga,UPPER SON,,,,,,,,
02-Nov,Ganga,KOSI/MAHANANDA,,,,,,,,
02-Nov,Ganga,BAGMATI/ADHWARA,,,,,,,,
02-Nov,Ganga,GANDAK,,,,,,,,
02-Nov,Ganga,SON,,,,,,,,
02-Nov,Ganga,PUNPUN/DHAB NADI,,,,,,,,
02-Nov,Ganga,NORTH KOEL,,,,,,,,
02-Nov,Ganga,KANHAR,,,,,,,,
02-Nov,Ganga,UPPER SON,,,,,,,,
03-Nov,Ganga,KOSI/MAHANANDA,,,,,,,,
03-Nov,Ganga,BAGMATI/ADHWARA,,,,,,,,
03-Nov,Ganga,GANDAK,,,,,,,,
03-Nov,Ganga,SON,,,,,,,,
03-Nov,Ganga,PUNPUN/DHAB NADI,,,,,,,,
03-Nov,Ganga,NORTH KOEL,,,,,,,,
03-Nov,Ganga,KANHAR,,,,,,,,
03-Nov,Ganga,UPPER SON,,,,,,,,
04-Nov,Ganga,KOSI/MAHANANDA,,,,,,,,
04-Nov,Ganga,BAGMATI/ADHWARA,,,,,,,,
04-Nov,Ganga,GANDAK,,,,,,,,
04-Nov,Ganga,SON,,,,,,,,
04-Nov,Ganga,PUNPUN/DHAB NADI,,,,,,,,
04-Nov,Ganga,NORTH KOEL,,,,,,,,
04-Nov,Ganga,KANHAR,,,,,,,,
04-Nov,Ganga,UPPER SON,,,,,,,,
05-Nov,Ganga,KOSI/MAHANANDA,,,,,,,,
05-Nov,Ganga,BAGMATI/ADHWARA,,,,,,,,
05-Nov,Ganga,GANDAK,,,,,,,,
05-Nov,Ganga,SON,,,,,,,,
05-Nov,Ganga,PUNPUN/DHAB NADI,,,,,,,,
05-Nov,Ganga,NORTH KOEL,,,,,,,,
05-Nov,Ganga,KANHAR,,,,,,,,
05-Nov,Ganga,UPPER SON,,,,,,,,
